Workbook

Sheet PETA-KAB_PROB

Sheet RA DATA
B1: ="DATA LEMBAGA MADRASAH RAODLATUL ATHFAL SEBANYAK "&B421 -> DATA LEMBAGA MADRASAH RAODLATUL ATHFAL SEBANYAK 419
B2: NO. | C2: NSM | D2: NPSN | E2: Nama Madrasah | F2: Jenjang | G2: Status | H2: Provinsi | I2: Kabupaten | J2: Kecamatan | K2: Alamat
B3: 1 | C3: 101235130004 | D3: 69745685 | E3: RA MIFTAHUL ULUM | F3: Raudhatul Athfal | G3: swasta | H3: JAWA TIMUR | I3: PROBOLINGGO | J3: BANTARAN | K3: JL. RAYA WONOASIH-BANTARAN KM03 RT. 01 RW. 02
B4: 2 | C4: 101235130005 | D4: 69745683 | E4: RA BUSTANUL ULUM | F4: Raudhatul Athfal | G4: swasta | H4: JAWA TIMUR | I4: PROBOLINGGO | J4: BANTARAN | K4: JL. TRIWUNG NO. 51 TEMPURAN
B5: 3 | C5: 101235130006 | D5: 69745684 | E5: RA DARUL ULUM BANTARAN | F5: Raudhatul Athfal | G5: swasta | H5: JAWA TIMUR | I5: PROBOLINGGO | J5: BANTARAN | K5: JLN RAYA 02 BANTARAN
B6: 4 | C6: 101235130007 | D6: 69745969 | E6: RA NURUL ULUM AL-ARIEF | F6: Raudhatul Athfal | G6: swasta | H6: JAWA TIMUR | I6: PROBOLINGGO | J6: BANTARAN | K6: DUSUN KRAJAN
B7: 5 | C7: 101235130008 | D7: 69887637 | E7: RA DARUL MA'ARIF | F7: Raudhatul Athfal | G7: swasta | H7: JAWA TIMUR | I7: PROBOLINGGO | J7: BANTARAN | K7: JALAN KRAMAT DESA KRAMATAGUNG
B8: 6 | C8: 101235130009 | D8: 69745682 | E8: RA NURUL HUDA | F8: Raudhatul Athfal | G8: swasta | H8: JAWA TIMUR | I8: PROBOLINGGO | J8: BANTARAN | K8: JL. KH. MAS SHOLEH MUDZAKKIR KRAMATAGUNG
B9: 7 | C9: 101235130010 | D9: 69745686 | E9: RA NURUL HIKMAH | F9: Raudhatul Athfal | G9: swasta | H9: JAWA TIMUR | I9: PROBOLINGGO | J9: BANTARAN | K9: JL.MASJID AZIZURROHIM DUSUN SUMUR RT007 RW 003
B10: 8 | C10: 101235130332 | D10: 69898093 | E10: RA NURUL YAQIN BANTARAN | F10: Raudhatul Athfal | G10: swasta | H10: JAWA TIMUR | I10: PROBOLINGGO | J10: BANTARAN | K10: JLN DUSUN PENGUMBIN RT021 RW006 KRAMATAGUNG
B11: 9 | C11: 101235130335 | D11: 69745681 | E11: RA MIFTAHUL HUDA | F11: Raudhatul Athfal | G11: swasta | H11: JAWA TIMUR | I11: PROBOLINGGO | J11: BANTARAN | K11: DUSUN TENGAH A
B12: 10 | C12: 101235130396 | D12: 69941128 | E12: RA NURUR ROHMAH | F12: Raudhatul Athfal | G12: swasta | H12: JAWA TIMUR | I12: PROBOLINGGO | J12: BANTARAN | K12: JL.KAPURAN RT.17/05
B13: 11 | C13: 101235130813 | D13: 70034839 | E13: RA UMMUL QURO AL JAUHARI | F13: Raudhatul Athfal | G13: swasta | H13: JAWA TIMUR | I13: PROBOLINGGO | J13: BANTARAN | K13: DUSUN TIMBANGAN RT 15 RW 03
B14: 12 | C14: 101235130818 | D14: 70036455 | E14: RA AL HIDAYAH | F14: Raudhatul Athfal | G14: swasta | H14: JAWA TIMUR | I14: PROBOLINGGO | J14: BANTARAN | K14: DSN. NANGKA
... B181: 179 | C181: 101235130092 | D181: 69958146 | E181: RA AL-ISLAM | F181: Raudhatul Athfal | G181: swasta | H181: JAWA TIMUR | I181: PROBOLINGGO | J181: KRUCIL | K181: DUSUN PESAPEN
B182: 180 | C182: 101235130093 | E182: RA HAYATUL ISLAM ROTO | F182: Raudhatul Athfal | G182: swasta | H182: JAWA TIMUR | I182: PROBOLINGGO | J182: KRUCIL | K182: Roto Krucil
B183: 181 | C183: 101235130094 | D183: 69745826 | E183: RA HIDAYATUL MUBTADIIN | F183: Raudhatul Athfal | G183: swasta | H183: JAWA TIMUR | I183: PROBOLINGGO | J183: KRUCIL | K183: DSN KALIMANGUK RT 08 RW 02
B184: 182 | C184: 101235130095 | D184: 69745833 | E184: RA ISLAMIYAH | F184: Raudhatul Athfal | G184: swasta | H184: JAWA TIMUR | I184: PROBOLINGGO | J184: KRUCIL | K184: DUSUN MANDATI RT. 013 RW. 004
B185: 183 | C185: 101235130096 | D185: 69745827 | E185: RA IZZUL ISLAM | F185: Raudhatul Athfal | G185: swasta | H185: JAWA TIMUR | I185: PROBOLINGGO | J185: KRUCIL | K185: DSN PESAPEN RT 07 RW 03
B186: 184 | C186: 101235130097 | D186: 69745829 | E186: RA AINUL IMAN | F186: Raudhatul Athfal | G186: swasta | H186: JAWA TIMUR | I186: PROBOLINGGO | J186: KRUCIL | K186: DUSUN RAWA RT. 02 RW. 03
B187: 185 | C187: 101235130098 | D187: 69745834 | E187: RA MAMBAUL ULUM | F187: Raudhatul Athfal | G187: swasta | H187: JAWA TIMUR | I187: PROBOLINGGO | J187: KRUCIL | K187: Dusun Manggisan
B188: 186 | C188: 101235130099 | D188: 69745835 | E188: RA MASYITHOH | F188: Raudhatul Athfal | G188: swasta | H188: JAWA TIMUR | I188: PROBOLINGGO | J188: KRUCIL | K188: DUSUN TENGAH RT 09 RW 02
B189: 187 | C189: 101235130099 | D189: 69745835 | E189: RA MASYITHOH | F189: Raudhatul Athfal | G189: swasta | H189: JAWA TIMUR | I189: PROBOLINGGO | J189: KRUCIL | K189: DUSUN TENGAH RT 09 RW 02
B190: 188 | C190: 101235130100 | D190: 69941131 | E190: RA MIFTAHUL HASAN | F190: Raudhatul Athfal | G190: swasta | H190: JAWA TIMUR | I190: PROBOLINGGO | J190: KRUCIL | K190: DUSUN KALITENGAH RT. 15 RW. 04 Desa Tambelang Kecamatan Krucil
B191: 189 | C191: 101235130101 | D191: 69898098 | E191: RA MIFTAHUL ISLAM KROBUNGAN | F191: Raudhatul Athfal | G191: swasta | H191: JAWA TIMUR | I191: PROBOLINGGO | J191: KRUCIL | K191: DUSUN KRAJAN RT.02 RW.01
B192: 190 | C192: 101235130102 | D192: 69958148 | E192: RA MIFTAHUL ULUM | F192: Raudhatul Athfal | G192: swasta | H192: JAWA TIMUR | I192: PROBOLINGGO | J192: KRUCIL | K192: SUMBERAN
B193: 191 | C193: 101235130103 | D193: 69898099 | E193: RA NURL ISLAM 2 WATUPANJANG | F193: Raudhatul Athfal | G193: swasta | H193: JAWA TIMUR | I193: PROBOLINGGO | J193: KRUCIL | K193: DUSUN KRAJAN RT. 002 RW. 001
B194: 192 | C194: 101235130104 | D194: 69898100 | E194: RA NURUL JADID | F194: Raudhatul Athfal | G194: swasta | H194: JAWA TIMUR | I194: PROBOLINGGO | J194: KRUCIL | K194: DEWI RENGGANIS RT,03. RW,01 KALIANAN KECAMATAN KRUCIL
... B209: 207 | C209: 101235130814 | D209: 70034663 | E209: RA KARAMATULLAH | F209: Raudhatul Athfal | G209: swasta | H209: JAWA TIMUR | I209: PROBOLINGGO | J209: KRUCIL | K209: BETEK KRUCIL PROBOLINGGO
B210: 208 | C210: 101235130826 | E210: RA SIROJUL KARIM | F210: Raudhatul Athfal | G210: swasta | H210: JAWA TIMUR | I210: PROBOLINGGO | J210: KRUCIL | K210: Bermi Utara RT 11 RW 03
B211: 209 | C211: 101235130001 | D211: 69745842 | E211: RA AR RAHMAN | F211: Raudhatul Athfal | G211: swasta | H211: JAWA TIMUR | I211: PROBOLINGGO | J211: KURIPAN | K211: Jl. Raya Kuripan Dusun Sumbersari RT 001 RW 003
B212: 210 | C212: 101235130002 | D212: 69898106 | E212: RA NURUL AFIFAH KURIPAN | F212: Raudhatul Athfal | G212: swasta | H212: JAWA TIMUR | I212: PROBOLINGGO | J212: KURIPAN | K212: JL. TRUNO REJO NO. 17
B213: 211 | C213: 101235130003 | D213: 69887643 | E213: RA MIFTAHUL ULUM JATISARI | F213: Raudhatul Athfal | G213: swasta | H213: JAWA TIMUR | I213: PROBOLINGGO | J213: KURIPAN | K213: Dusun Pering Rt 002 / Rw 002
B214: 212 | C214: 101235130336 | D214: 69745843 | E214: RA AL IDRISIYAH | F214: Raudhatul Athfal | G214: swasta | H214: JAWA TIMUR | I214: PROBOLINGGO | J214: KURIPAN | K214: WRINGINANOM
B215: 213 | C215: 101235130815 | D215: 70039883 | E215: RA MIFTAHUL ULUM | F215: Raudhatul Athfal | G215: swasta | H215: JAWA TIMUR | I215: PROBOLINGGO | J215: KURIPAN | K215: Jl. Kaligunde RT/RW 05/01
B216: 214 | C216: 101235130828 | E216: RA RADEN SAID SUNAN KALIJAGA | F216: Raudhatul Athfal | G216: swasta | H216: JAWA TIMUR | I216: PROBOLINGGO | J216: KURIPAN | K216: KEDUNG GLAGAH RT.02 RW.04
B217: 215 | C217: 101235130011 | D217: 69745852 | E217: RA NURUL HUDA | F217: Raudhatul Athfal | G217: swasta | H217: JAWA TIMUR | I217: PROBOLINGGO | J217: LECES | K217: DUSUN MASJID
B218: 216 | C218: 101235130012 | D218: 69745857 | E218: RA SULLAMUL HIDAYAH | F218: Raudhatul Athfal | G218: swasta | H218: JAWA TIMUR | I218: PROBOLINGGO | J218: LECES | K218: JL. KYAI MAKSUM
B219: 217 | C219: 101235130013 | D219: 69745855 | E219: RA ZAINUL IRSYAD | F219: Raudhatul Athfal | G219: swasta | H219: JAWA TIMUR | I219: PROBOLINGGO | J219: LECES | K219: JL. RAYA LUMAJANG NO. 50
B220: 218 | C220: 101235130014 | D220: 69745850 | E220: RA MISBAHUT THOLIBIN | F220: Raudhatul Athfal | G220: swasta | H220: JAWA TIMUR | I220: PROBOLINGGO | J220: LECES | K220: JORONGAN
B221: 219 | C221: 101235130015 | D221: 69745847 | E221: RA DARUL ULUM | F221: Raudhatul Athfal | G221: swasta | H221: JAWA TIMUR | I221: PROBOLINGGO | J221: LECES | K221: JL. KH. ABDULLAH KAMIL
B222: 220 | C222: 101235130345 | D222: 69745844 | E222: RA NURUL ISLAM | F222: Raudhatul Athfal | G222: swasta | H222: JAWA TIMUR | I222: PROBOLINGGO | J222: LECES | K222: JL. RAYA LUMAJANG NO. 89
B223: 221 | C223: 101235130347 | D223: 69745845 | E223: RA AL IMAN | F223: Raudhatul Athfal | G223: swasta | H223: JAWA TIMUR | I223: PROBOLINGGO | J223: LECES | K223: JL. KY SEKAR NO. 115
B224: 222 | C224: 101235130348 | D224: 69745853 | E224: RA NURUR RAHMAH | F224: Raudhatul Athfal | G224: swasta | H224: JAWA TIMUR | I224: PROBOLINGGO | J224: LECES | K224: Jl Kua Blok Krajan
B225: 223 | C225: 101235130354 | D225: 69887644 | E225: RA HIKMATUL HASANAH | F225: Raudhatul Athfal | G225: swasta | H225: JAWA TIMUR | I225: PROBOLINGGO | J225: LECES | K225: DUSUN GONGGO
B226: 224 | C226: 101235130356 | D226: 69745846 | E226: RA AL HIDAYAH | F226: Raudhatul Athfal | G226: swasta | H226: JAWA TIMUR | I226: PROBOLINGGO | J226: LECES | K226: JL. JAMTOKO GG MASJID NO. 115
B227: 225 | C227: 101235130357 | D227: 69745854 | E227: RA TARBIYATUL MUBTADI'IN | F227: Raudhatul Athfal | G227: swasta | H227: JAWA TIMUR | I227: PROBOLINGGO | J227: LECES | K227: DUSUN DRANDANG RT. 003 RW. 007
B228: 226 | C228: 101235130359 | D228: 69745848 | E228: RA DARUL ULUM II | F228: Raudhatul Athfal | G228: swasta | H228: JAWA TIMUR | I228: PROBOLINGGO | J228: LECES | K228: JL.RAYA LUMAJANG GANG KEBARAT KORAMIL
... B363: 361 | C363: 101235130064 | D363: 69745948 | E363: RA BUSTANUL ULUM | F363: Raudhatul Athfal | G363: swasta | H363: JAWA TIMUR | I363: PROBOLINGGO | J363: TIRIS BARAT | K363: DUSUN DARUNGAN
B364: 362 | C364: 101235130065 | E364: RA DARUL ULUM | F364: Raudhatul Athfal | G364: swasta | H364: JAWA TIMUR | I364: PROBOLINGGO | J364: TIRIS BARAT | K364: Dusun Darungan RT/RW,18/06
B365: 363 | C365: 101235130066 | D365: 69995254 | E365: RA RIYADLUS SHOLIHIN | F365: Raudhatul Athfal | G365: swasta | H365: JAWA TIMUR | I365: PROBOLINGGO | J365: TIRIS BARAT | K365: JL. SUMUR BOR DUSUN GEMBOR 2 RT. 005 RW. 002
B366: 364 | C366: 101235130067 | E366: RA WALISONGO | F366: Raudhatul Athfal | G366: swasta | H366: JAWA TIMUR | I366: PROBOLINGGO | J366: TIRIS BARAT | K366: Dusun Kramat RT/RW 16/05 Desa Rejing
B367: 365 | C367: 101235130068 | D367: 69745951 | E367: RA MIFTAHUL JANNAH | F367: Raudhatul Athfal | G367: swasta | H367: JAWA TIMUR | I367: PROBOLINGGO | J367: TIRIS BARAT | K367: Dusun Kembang
B368: 366 | C368: 101235130069 | D368: 69887645 | E368: RA NURUL HASYIMI | F368: Raudhatul Athfal | G368: swasta | H368: JAWA TIMUR | I368: PROBOLINGGO | J368: TIRIS BARAT | K368: DUSUN KARANGREJO RT/RW. 02/01
B369: 367 | C369: 101235130070 | D369: 69745953 | E369: RA NURUL ISLAM | F369: Raudhatul Athfal | G369: swasta | H369: JAWA TIMUR | I369: PROBOLINGGO | J369: TIRIS BARAT | K369: DUSUN TOGURR
B370: 368 | C370: 101235130071 | D370: 69745964 | E370: RA RAUDLATUL JANNAH | F370: Raudhatul Athfal | G370: swasta | H370: JAWA TIMUR | I370: PROBOLINGGO | J370: TIRIS BARAT | K370: JL. KYAI NAHER DUSUN KEMBANG RT. 10 RW. 05
B371: 369 | C371: 101235130072 | D371: 69745963 | E371: RA ZAINUL ALIYAH | F371: Raudhatul Athfal | G371: swasta | H371: JAWA TIMUR | I371: PROBOLINGGO | J371: TIRIS BARAT | K371: DUSUN LEREKAN RT.008/RW.004
B372: 370 | C372: 101235130073 | D372: 69745956 | E372: RA HIDAYATUS SIBYAN | F372: Raudhatul Athfal | G372: swasta | H372: JAWA TIMUR | I372: PROBOLINGGO | J372: TIRIS BARAT | K372: DUSUN KRAJAN RT01/RW01
B373: 371 | C373: 101235130074 | D373: 69898123 | E373: RA IHYAUL ISLAM | F373: Raudhatul Athfal | G373: swasta | H373: JAWA TIMUR | I373: PROBOLINGGO | J373: TIRIS BARAT | K373: DUSUN KARANG TENGAH
B374: 372 | C374: 101235130075 | D374: 69885105 | E374: RA NURUL JADID | F374: Raudhatul Athfal | G374: swasta | H374: JAWA TIMUR | I374: PROBOLINGGO | J374: TIRIS BARAT | K374: DUSUN JAWAAN RT.015/RW.005
B375: 373 | C375: 101235130076 | D375: 69745968 | E375: RA TARBIYATUL ISLAM | F375: Raudhatul Athfal | G375: swasta | H375: JAWA TIMUR | I375: PROBOLINGGO | J375: TIRIS BARAT | K375: DUSUN KLOMPANGAN RT. 003 RW. 001
B376: 374 | C376: 101235130077 | D376: 69898124 | E376: RA NAHDLATUL ULAMA | F376: Raudhatul Athfal | G376: swasta | H376: JAWA TIMUR | I376: PROBOLINGGO | J376: TIRIS BARAT | K376: JL. PONPES BAHJATUL ULUM
B377: 375 | C377: 101235130078 | D377: 69745961 | E377: RA RAUDLATUL MUTAALLIMIN | F377: Raudhatul Athfal | G377: swasta | H377: JAWA TIMUR | I377: PROBOLINGGO | J377: TIRIS TIMUR | K377: DUSUN KRAJAN
B378: 376 | C378: 101235130079 | D378: 69745966 | E378: RA DARUL ULUM | F378: Raudhatul Athfal | G378: swasta | H378: JAWA TIMUR | I378: PROBOLINGGO | J378: TIRIS TIMUR | K378: DUSUN NANGKAAN
... B421: 419 | C421: 101235130293 | D421: 69745990 | E421: RA DARUL ULUM | F421: Raudhatul Athfal | G421: swasta | H421: JAWA TIMUR | I421: PROBOLINGGO | J421: WONOMERTO | K421: JL. SUNAN AMPEL NO. 99

Sheet MI DATA
A1: ="DATA LEMBAGA MADRASAH RAODLATUL ATHFAL SEBANYAK "&A417 -> DATA LEMBAGA MADRASAH RAODLATUL ATHFAL SEBANYAK 415
A2: No | B2: NSM | C2: NPSN | D2: Nama Madrasah | E2: Jenjang | F2: Status | G2: Provinsi | H2: Kabupaten | I2: Kecamatan | J2: Alamat
A3: 1 | B3: 111235130005 | C3: 60716271 | D3: MIS BUSTANUL ULUM | E3: Madrasah Ibtidaiyah | F3: swasta | G3: JAWA TIMUR | H3: PROBOLINGGO | I3: BANTARAN | J3: JL. TRIWUNG NO. 51 RT 11 RW 03 TEMPURAN
A4: 2 | B4: 111235130006 | C4: 60716272 | D4: MIS DARU MAFATIHIL ULUM | E4: Madrasah Ibtidaiyah | F4: swasta | G4: JAWA TIMUR | H4: PROBOLINGGO | I4: BANTARAN | J4: JL. PESANTREN NO. 659 RT/RW : 12/05
A5: 3 | B5: 111235130007 | C5: 60716273 | D5: MIS DARUL MAARIF | E5: Madrasah Ibtidaiyah | F5: swasta | G5: JAWA TIMUR | H5: PROBOLINGGO | I5: BANTARAN | J5: JLN. KRAMAT DESA KRAMATAGUNG
A6: 4 | B6: 111235130008 | C6: 60716274 | D6: MIS DARUL MUTAALLIMIN | E6: Madrasah Ibtidaiyah | F6: swasta | G6: JAWA TIMUR | H6: PROBOLINGGO | I6: BANTARAN | J6: DUSUN KRAJAN RT 002/ RW 001 DESA LEGUNDI BANTARAN PROBOLINGGO
A7: 5 | B7: 111235130009 | C7: 60716275 | D7: MIS DARUL ULUM KARANGANYAR | E7: Madrasah Ibtidaiyah | F7: swasta | G7: JAWA TIMUR | H7: PROBOLINGGO | I7: BANTARAN | J7: KARANGANYAR
A8: 6 | B8: 111235130010 | C8: 60716276 | D8: MIS DARUL ULUM BANTARAN | E8: Madrasah Ibtidaiyah | F8: swasta | G8: JAWA TIMUR | H8: PROBOLINGGO | I8: BANTARAN | J8: JLN RAYA 02 BANTARAN
A9: 7 | B9: 111235130011 | C9: 60716277 | D9: MIS INFARUL GHAY | E9: Madrasah Ibtidaiyah | F9: swasta | G9: JAWA TIMUR | H9: PROBOLINGGO | I9: BANTARAN | J9: DUSUN BATA
A10: 8 | B10: 111235130012 | C10: 60716278 | D10: MIS MIFTAHUL HUDA | E10: Madrasah Ibtidaiyah | F10: swasta | G10: JAWA TIMUR | H10: PROBOLINGGO | I10: BANTARAN | J10: DUSUN CANGAKAN RT 010 RW 004 DESA KEDUNGREJO
A11: 9 | B11: 111235130013 | C11: 60716279 | D11: MIS MIFTAHUL HUDA | E11: Madrasah Ibtidaiyah | F11: swasta | G11: JAWA TIMUR | H11: PROBOLINGGO | I11: BANTARAN | J11: DUSUN TENGAH A RT. 11 RW. 04 KRAMATAGUNG BANTARAN PROBOLINGGO
A12: 10 | B12: 111235130014 | C12: 60716280 | D12: MIS MIFTAHUL ULUM LEGUNDI | E12: Madrasah Ibtidaiyah | F12: swasta | G12: JAWA TIMUR | H12: PROBOLINGGO | I12: BANTARAN | J12: DESA LEGUNDI KEC. BANTARAN KAB. PROBOLINGGO
A13: 11 | B13: 111235130015 | C13: 60716281 | D13: MIS MIFTAHUL ULUM | E13: Madrasah Ibtidaiyah | F13: swasta | G13: JAWA TIMUR | H13: PROBOLINGGO | I13: BANTARAN | J13: JL. RAYA WONOASIH-BANTARAN KM 03 KROPAK
A14: 12 | B14: 111235130016 | C14: 60716282 | D14: MIS NURUL HUDA | E14: Madrasah Ibtidaiyah | F14: swasta | G14: JAWA TIMUR | H14: PROBOLINGGO | I14: BANTARAN | J14: JL. KH. MAS SHOLEH MUDZAKKIR KRAMATAGUNG
... A417: 415 | B417: 111235131003 | C417: 69977705 | D417: MIS RAUDLATUL HASAN | E417: Madrasah Ibtidaiyah | F417: swasta | G417: JAWA TIMUR | H417: PROBOLINGGO | I417: WONOMERTO | J417: Dusun Petung RT. 05 RW.03

Sheet MTs DATA
B1: ="DATA LEMBAGA MADRASAH TSANAWIYAH SEBANNYAK "&A224 -> DATA LEMBAGA MADRASAH TSANAWIYAH SEBANNYAK 222
A2: NO | B2: NSM | C2: NPSN | D2: Nama Madrasah | E2: Jenjang | F2: Status | G2: Provinsi | H2: Kabupaten | I2: Kecamatan | J2: Alamat
A3: 1 | B3: 121235130008 | C3: 20581885 | D3: MTSS UMMUL QURO | E3: Madrasah Tsanawiyah | F3: swasta | G3: JAWA TIMUR | H3: PROBOLINGGO | I3: BANTARAN | J3: JL. RAYA BANTARAN NO.39
A4: 2 | B4: 121235130010 | C4: 20581883 | D4: MTSS IRSYADUDDINIYAH | E4: Madrasah Tsanawiyah | F4: swasta | G4: JAWA TIMUR | H4: PROBOLINGGO | I4: BANTARAN | J4: JL. RAYA PATOKAN NO. 73 RT. 005/RW. 002
A5: 3 | B5: 121235130012 | C5: 20581884 | D5: MTSS DARU MAFATIHIL ULUM | E5: Madrasah Tsanawiyah | F5: swasta | G5: JAWA TIMUR | H5: PROBOLINGGO | I5: BANTARAN | J5: JL. PESANTREN NO. 659 RT/RW : 12/05
A6: 4 | B6: 121235130053 | C6: 20581886 | D6: MTSS MIFTAHUL HUDA | E6: Madrasah Tsanawiyah | F6: swasta | G6: JAWA TIMUR | H6: PROBOLINGGO | I6: BANTARAN | J6: Tengah A, RT/RW : 011/004 Kramatagung Bantaran Probolinggo
A7: 5 | B7: 121235130054 | C7: 20581887 | D7: MTSS DARUN NAJJAH | E7: Madrasah Tsanawiyah | F7: swasta | G7: JAWA TIMUR | H7: PROBOLINGGO | I7: BANTARAN | J7: JL. RAYA BANTARAN GG. PANDEAN JAYA RT 01 RW 01 DUSUN KRAJAN
A8: 6 | B8: 121235130076 | C8: 69726718 | D8: MTSS DARUL MUTA ALLIMIN | E8: Madrasah Tsanawiyah | F8: swasta | G8: JAWA TIMUR | H8: PROBOLINGGO | I8: BANTARAN | J8: Dsn Krajan RT 02/ RW 01
A9: 7 | B9: 121235130084 | C9: 20581882 | D9: MTSS MIFTAHUL ULUM | E9: Madrasah Tsanawiyah | F9: swasta | G9: JAWA TIMUR | H9: PROBOLINGGO | I9: BANTARAN | J9: Jl. Raya Wonoasih-Bantaran Km-03 Kropak Bantaran Probolinggo
A10: 8 | B10: 121235130085 | C10: 20581890 | D10: MTSS MIFTAHUL ULUM TEMPURAN | E10: Madrasah Tsanawiyah | F10: swasta | G10: JAWA TIMUR | H10: PROBOLINGGO | I10: BANTARAN | J10: Jl. kh. Anom Rt 013 Rw 004
A11: 9 | B11: 121235130159 | C11: 20581889 | D11: MTSS DARUL ULUM BANTARAN | E11: Madrasah Tsanawiyah | F11: swasta | G11: JAWA TIMUR | H11: PROBOLINGGO | I11: BANTARAN | J11: JL. RAYA 02 BANTARAN
A12: 10 | B12: 121235130171 | C12: 69853371 | D12: MTSS BUSTANUL ULUM | E12: Madrasah Tsanawiyah | F12: swasta | G12: JAWA TIMUR | H12: PROBOLINGGO | I12: BANTARAN | J12: JL. TRIWUNG NO. 51 RT. 011 / RW. 003
A13: 11 | B13: 121235130178 | C13: 69886413 | D13: MTSS DARUL MA'ARIF | E13: Madrasah Tsanawiyah | F13: swasta | G13: JAWA TIMUR | H13: PROBOLINGGO | I13: BANTARAN | J13: JALAN. KRAMAT RT/RW 028/007 DESA KRAMATAGUNG
A14: 12 | B14: 121235130787 | C14: 69975797 | D14: MTSS DARUL HIKMAH AL-ISLAMY | E14: Madrasah Tsanawiyah | F14: swasta | G14: JAWA TIMUR | H14: PROBOLINGGO | I14: BANTARAN | J14: JL. RAYA KROPAK DUSUN TIMBANGAN
... A80: 78 | B80: 121235130120 | C80: 20581942 | D80: MTSS MIFTAHUL AFKAR | E80: Madrasah Tsanawiyah | F80: swasta | G80: JAWA TIMUR | H80: PROBOLINGGO | I80: KRAKSAAN | J80: JL. WALISONGO
A81: 79 | B81: 121235130805 | D81: MTS INSAN AL KARIM | E81: Madrasah Tsanawiyah | F81: swasta | G81: JAWA TIMUR | H81: PROBOLINGGO | I81: KRAKSAAN | J81: Dusun Nangger Rt.02 Rw. 05
A82: 80 | B82: 121235130006 | C82: 20581934 | D82: MTSS NURUD DA WAH | E82: Madrasah Tsanawiyah | F82: swasta | G82: JAWA TIMUR | H82: PROBOLINGGO | I82: KREJENGAN | J82: DUSUN PENANGAN
A83: 81 | B83: 121235130007 | C83: 69727646 | D83: MTSS NURUL ISTIFADAH | E83: Madrasah Tsanawiyah | F83: swasta | G83: JAWA TIMUR | H83: PROBOLINGGO | I83: KREJENGAN | J83: GEBANGAN
A84: 82 | B84: 121235130011 | C84: 20581936 | D84: MTSS NURUL HIDAYAH | E84: Madrasah Tsanawiyah | F84: swasta | G84: JAWA TIMUR | H84: PROBOLINGGO | I84: KREJENGAN | J84: Dusun Krajan Rt 04 Rw 01
A85: 83 | B85: 121235130020 | C85: 20581937 | D85: MTSS AL ISLAMIYAH | E85: Madrasah Tsanawiyah | F85: swasta | G85: JAWA TIMUR | H85: PROBOLINGGO | I85: KREJENGAN | J85: JL. Pahlawan No. 04 Krejengan
A86: 84 | B86: 121235130021 | C86: 20581935 | D86: MTSS RAUDLATUL MUTAALLIMIN | E86: Madrasah Tsanawiyah | F86: swasta | G86: JAWA TIMUR | H86: PROBOLINGGO | I86: KREJENGAN | J86: DUSUN KRAJAN
A87: 85 | B87: 121235130077 | C87: 20581930 | D87: MTSS DARUT TAUHID | E87: Madrasah Tsanawiyah | F87: swasta | G87: JAWA TIMUR | H87: PROBOLINGGO | I87: KREJENGAN | J87: JL. KH HASAN SAIFURRIDZAL
A88: 86 | B88: 121235130103 | C88: 20581929 | D88: MTSS AL-MUTTAHIDAH | E88: Madrasah Tsanawiyah | F88: swasta | G88: JAWA TIMUR | H88: PROBOLINGGO | I88: KREJENGAN | J88: JL. KH. ROFII SENTONG
A89: 87 | B89: 121235130107 | C89: 20581931 | D89: MTSS SUNAN AMPEL KAMALKUNING | E89: Madrasah Tsanawiyah | F89: swasta | G89: JAWA TIMUR | H89: PROBOLINGGO | I89: KREJENGAN | J89: DUSUN KRAJAN
A90: 88 | B90: 121235130108 | C90: 20581938 | D90: MTSS FATHUL ARIFIN | E90: Madrasah Tsanawiyah | F90: swasta | G90: JAWA TIMUR | H90: PROBOLINGGO | I90: KREJENGAN | J90: Dusun Kuripan
A91: 89 | B91: 121235130111 | C91: 20581932 | D91: MTSS AL HUSNA | E91: Madrasah Tsanawiyah | F91: swasta | G91: JAWA TIMUR | H91: PROBOLINGGO | I91: KREJENGAN | J91: Jl. KH. Muh. Khozin Dawuhan
A92: 90 | B92: 121235130112 | C92: 20581933 | D92: MTSS SIRAJUL ULUM | E92: Madrasah Tsanawiyah | F92: swasta | G92: JAWA TIMUR | H92: PROBOLINGGO | I92: KREJENGAN | J92: DUSUN KRAJAN 2
A93: 91 | B93: 121235130807 | C93: 70039470 | D93: MTs KAROMATUL HASAN | E93: Madrasah Tsanawiyah | F93: swasta | G93: JAWA TIMUR | H93: PROBOLINGGO | I93: KREJENGAN | J93: Dsn. Krajan Sumberkatimoho
... A161: 159 | B161: 121235130189 | C161: 69928003 | D161: MTSS SYARIEF HIDAYATULLAH | E161: Madrasah Tsanawiyah | F161: swasta | G161: JAWA TIMUR | H161: PROBOLINGGO | I161: PAITON | J161: JL. RAYA PAITON NO. 89
A162: 160 | B162: 121235130804 | D162: MTS AL AZHAR AL SYARIF | E162: Madrasah Tsanawiyah | F162: swasta | G162: JAWA TIMUR | H162: PROBOLINGGO | I162: PAITON | J162: JL.PP. NURUL JADID 99 PAITON PROBOLINGGO
A163: 161 | B163: 121235130069 | C163: 69727648 | D163: MTSS RAUDLATUS SHOLEH | E163: Madrasah Tsanawiyah | F163: swasta | G163: JAWA TIMUR | H163: PROBOLINGGO | I163: PAKUNIRAN | J163: Pakuniran
A164: 162 | B164: 121235130073 | C164: 20582008 | D164: MTSS RIYADLUS SHALIHIN | E164: Madrasah Tsanawiyah | F164: swasta | G164: JAWA TIMUR | H164: PROBOLINGGO | I164: PAKUNIRAN | J164: DUSUN KRAJAN
A165: 163 | B165: 121235130144 | C165: 20582010 | D165: MTSS BAITUL MUTTAQIN | E165: Madrasah Tsanawiyah | F165: swasta | G165: JAWA TIMUR | H165: PROBOLINGGO | I165: PAKUNIRAN | J165: JL. PAKUNIRAN
A166: 164 | B166: 121235130145 | C166: 20582011 | D166: MTSS MIFTAHUL HASANAH | E166: Madrasah Tsanawiyah | F166: swasta | G166: JAWA TIMUR | H166: PROBOLINGGO | I166: PAKUNIRAN | J166: JL. RANON 02 / DUSUN KRAJAN RT. 001 RW. 001
A167: 165 | B167: 121235130147 | C167: 20582009 | D167: MTSS SUNAN AMPEL PAKUNIRAN | E167: Madrasah Tsanawiyah | F167: swasta | G167: JAWA TIMUR | H167: PROBOLINGGO | I167: PAKUNIRAN | J167: JL. KERTONEGORO PAKUNIRAN
A168: 166 | B168: 121235130181 | C168: 69788379 | D168: MTSS RAUDLATUL HIDAYAH | E168: Madrasah Tsanawiyah | F168: swasta | G168: JAWA TIMUR | H168: PROBOLINGGO | I168: PAKUNIRAN | J168: DUSUN PETONG
A169: 167 | B169: 121235130785 | C169: 69977768 | D169: MTSS IHYAUL ISLAM | E169: Madrasah Tsanawiyah | F169: swasta | G169: JAWA TIMUR | H169: PROBOLINGGO | I169: PAKUNIRAN | J169: DUSUN KRAJAN RT. 003/002 DESA ALAS PANDAN, KECAMATAN PAKUNIRAN
A170: 168 | B170: 121235130789 | C170: 69993652 | D170: MTSS DARUL IHSAN | E170: Madrasah Tsanawiyah | F170: swasta | G170: JAWA TIMUR | H170: PROBOLINGGO | I170: PAKUNIRAN | J170: Jl. Kertonegoro No. 01 Desa Kertonegoro Kec. Pakuniran Kab. Probolinggo
A171: 169 | B171: 121235130791 | C171: 70007467 | D171: MTSS AL-HASYIMI | E171: Madrasah Tsanawiyah | F171: swasta | G171: JAWA TIMUR | H171: PROBOLINGGO | I171: PAKUNIRAN | J171: JL. KALIDANDAN RT. 01 RW. 01
A172: 170 | B172: 121235130818 | C172: 70035523 | D172: MTs DARUL ULUM ALPANCORI | E172: Madrasah Tsanawiyah | F172: swasta | G172: JAWA TIMUR | H172: PROBOLINGGO | I172: PAKUNIRAN | J172: Jl Air Terjun RT/RW 009/004
A173: 171 | B173: 121235130819 | C173: 70039301 | D173: MTs SIRAJUL ULUM | E173: Madrasah Tsanawiyah | F173: swasta | G173: JAWA TIMUR | H173: PROBOLINGGO | I173: PAKUNIRAN | J173: Dusun Krajan RT/RW 007/004
A174: 172 | B174: 121235130824 | C174: 70045134 | D174: MTS HIDAYATULLAH BIMO | E174: Madrasah Tsanawiyah | F174: swasta | G174: JAWA TIMUR | H174: PROBOLINGGO | I174: PAKUNIRAN | J174: JALAN MAHONIAN DUSUN JELLUN RT.01 RW.01
... A224: 222 | B224: 121235130794 | C224: 70006622 | D224: MTSS ALAWIYAH | E224: Madrasah Tsanawiyah | F224: swasta | G224: JAWA TIMUR | H224: PROBOLINGGO | I224: WONOMERTO | J224: Jl. Trunorejo Dusun Dawuan

Sheet MA DATA
A1: ="DATA LEMBAGA MADRASAH TSANAWIYAH SEBANNYAK "&A136 -> DATA LEMBAGA MADRASAH TSANAWIYAH SEBANNYAK 134
A2: NO | B2: NSM | C2: NPSN | D2: Nama Madrasah | E2: Jenjang | F2: Status | G2: Provinsi | H2: Kabupaten | I2: Kecamatan | J2: Alamat | K2: Status Konfirmasi | L2: Afiliasi Organisasi
A3: 1 | B3: 131235130001 | C3: 20584518 | D3: MAS UMMUL QURO | E3: Madrasah Aliyah | F3: swasta | G3: JAWA TIMUR | H3: PROBOLINGGO | I3: BANTARAN | J3: JL. RAYA BANTARAN NO. 39 | K3: Sudah Konfirmasi
A4: 2 | B4: 131235130070 | C4: 69894871 | D4: MAS MIFTAHUL ULUM AN-NUR | E4: Madrasah Aliyah | F4: swasta | G4: JAWA TIMUR | H4: PROBOLINGGO | I4: BANTARAN | J4: Jl. Raya Wonoasih-Bantaran Km 03. Kropak Bantaran Probolinggo | K4: Sudah Konfirmasi
A5: 3 | B5: 131235130077 | C5: 69941745 | D5: MAS MIFTAHUL ULUM | E5: Madrasah Aliyah | F5: swasta | G5: JAWA TIMUR | H5: PROBOLINGGO | I5: BANTARAN | J5: DUSUN LAMPEAN | K5: Belum Konfirmasi
A6: 4 | B6: 131235130096 | C6: 69975840 | D6: MAS AL-ARIFIN | E6: Madrasah Aliyah | F6: swasta | G6: JAWA TIMUR | H6: PROBOLINGGO | I6: BANTARAN | J6: Jl. Kedung Manggis Blok Jembatan RT 14 RW 04 | K6: Sudah Konfirmasi | L6: NU
A7: 5 | B7: 131235130105 | C7: 70006690 | D7: MAS PROGRESIF UMMUL QURO | E7: Madrasah Aliyah | F7: swasta | G7: JAWA TIMUR | H7: PROBOLINGGO | I7: BANTARAN | J7: DUSUN KRAJAN RT. 002 RW. 001 | K7: Sudah Konfirmasi
A8: 6 | B8: 131235130117 | C8: 70034356 | D8: MA DARU MAFATIHIL ULUM | E8: Madrasah Aliyah | F8: swasta | G8: JAWA TIMUR | H8: PROBOLINGGO | I8: BANTARAN | J8: JL. PESANTREN NO. 659 RT/RW : 012/005 | K8: Sudah Konfirmasi | L8: NU
A9: 7 | B9: 131235130131 | C9: 70034680 | D9: MA IRSYADUDDINIYAH | E9: Madrasah Aliyah | F9: swasta | G9: JAWA TIMUR | H9: PROBOLINGGO | I9: BANTARAN | J9: JL. RAYA PATOKAN NO. 73 RT/RW : 005/002 | K9: Sudah Konfirmasi | L9: NU
A10: 8 | B10: 131235130002 | C10: 20579871 | D10: MAS MIRQATUL ULUM | E10: Madrasah Aliyah | F10: swasta | G10: JAWA TIMUR | H10: PROBOLINGGO | I10: BANYUANYAR | J10: DUSUN NYABRANG | K10: Sudah Konfirmasi | L10: NU
A11: 9 | B11: 131235130003 | C11: 20579872 | D11: MAS MISBAHUL FATA | E11: Madrasah Aliyah | F11: swasta | G11: JAWA TIMUR | H11: PROBOLINGGO | I11: BANYUANYAR | J11: JL. SIHA NO. 45 DUSUN SUKUN RT. 02 RW. 02 | K11: Sudah Konfirmasi | L11: NU
A12: 10 | B12: 131235130004 | C12: 20584513 | D12: MAS SUNAN KALIJAGA | E12: Madrasah Aliyah | F12: swasta | G12: JAWA TIMUR | H12: PROBOLINGGO | I12: BANYUANYAR | J12: DUSUN SEKOLAHAN RT. 011 RW. 004 BANYUANYAR TENGAH | K12: Sudah Konfirmasi | L12: NU
A13: 11 | B13: 131235130060 | C13: 20579853 | D13: MAS IHYAUL ISLAM | E13: Madrasah Aliyah | F13: swasta | G13: JAWA TIMUR | H13: PROBOLINGGO | I13: BANYUANYAR | J13: KLENANG KIDUL | K13: Sudah Konfirmasi | L13: NU
A14: 12 | B14: 131235130062 | C14: 60728136 | D14: MAS NURIDDAHLANI | E14: Madrasah Aliyah | F14: swasta | G14: JAWA TIMUR | H14: PROBOLINGGO | I14: BANYUANYAR | J14: JL. JEMBATAN BARU HM DAHLAN | K14: Sudah Konfirmasi | L14: NU
A15: 13 | B15: 131235130098 | C15: 69993356 | D15: MAS WALISONGO 2 BANYUANYAR | E15: Madrasah Aliyah | F15: swasta | G15: JAWA TIMUR | H15: PROBOLINGGO | I15: BANYUANYAR | J15: JL. MASJID BESAR BANYUANYAR | K15: Sudah Konfirmasi | L15: NU
A16: 14 | B16: 131235130112 | C16: 70006687 | D16: MAS AL-KHOZINIYAH | E16: Madrasah Aliyah | F16: swasta | G16: JAWA TIMUR | H16: PROBOLINGGO | I16: BANYUANYAR | J16: DUSUN PAO RT 07 RT 02 | K16: Sudah Konfirmasi | L16: NU
A17: 15 | B17: 131235130136 | C17: 70044832 | D17: MA NURIL HISYAM | E17: Madrasah Aliyah | F17: swasta | G17: JAWA TIMUR | H17: PROBOLINGGO | I17: BANYUANYAR | J17: JALAN PENDIL KRAJAN RT.27 RW.07 | K17: Sudah Konfirmasi | L17: NU
A18: 16 | B18: 131235130005 | C18: 20579845 | D18: MAS BAHRUL ULUM | E18: Madrasah Aliyah | F18: swasta | G18: JAWA TIMUR | H18: PROBOLINGGO | I18: BESUK | J18: Jl. Raya Besuk No. 247 | K18: Sudah Konfirmasi
A19: 17 | B19: 131235130088 | C19: 69977841 | D19: MAS NURUL WAHID AL-WAHYUNI | E19: Madrasah Aliyah | F19: swasta | G19: JAWA TIMUR | H19: PROBOLINGGO | I19: BESUK | J19: JL. K. KATSIR DUSUN TALAR 02 | K19: Sudah Konfirmasi | L19: NU
A20: 18 | B20: 131235130133 | C20: 70045552 | D20: MA MIFTAHUL KHAIR | E20: Madrasah Aliyah | F20: swasta | G20: JAWA TIMUR | H20: PROBOLINGGO | I20: BESUK | J20: JALAN HABIB AHMAD | K20: Sudah Konfirmasi | L20: NU
A21: 19 | B21: 131235130006 | C21: 20584506 | D21: MAS AL-UM | E21: Madrasah Aliyah | F21: swasta | G21: JAWA TIMUR | H21: PROBOLINGGO | I21: DRINGU | J21: JL. SINTO RONGGOJALU KM. 1 | K21: Sudah Konfirmasi | L21: Lainnya
A22: 20 | B22: 131235130101 | C22: 70006686 | D22: MAS DARUS SALAM NGEPOH | E22: Madrasah Aliyah | F22: swasta | G22: JAWA TIMUR | H22: PROBOLINGGO | I22: DRINGU | J22: DUSUN MAKAM RT. 07 RW. 02 | K22: Sudah Konfirmasi | L22: NU
A23: 21 | B23: 131235130007 | C23: 20579869 | D23: MAS MIFTAHUL JANNAH | E23: Madrasah Aliyah | F23: swasta | G23: JAWA TIMUR | H23: PROBOLINGGO | I23: GADING | J23: JL. MAY JEND WIDODO 53 WANGKAL | K23: Sudah Konfirmasi | L23: NU
A24: 22 | B24: 131235130008 | C24: 20584524 | D24: MAS ZAINUL HASAN 2 | E24: Madrasah Aliyah | F24: swasta | G24: JAWA TIMUR | H24: PROBOLINGGO | I24: GADING | J24: JL. KH. MOH. HASAN NO. 99 | K24: Sudah Konfirmasi | L24: NU
A25: 23 | B25: 131235130069 | C25: 69894867 | D25: MAS DARUL HASAN | E25: Madrasah Aliyah | F25: swasta | G25: JAWA TIMUR | H25: PROBOLINGGO | I25: GADING | J25: JL. SEKARSARI DUSUN JANTI | K25: Sudah Konfirmasi | L25: NU
A26: 24 | B26: 131235130084 | C26: 69977837 | D26: MAS MIFTAHUL HASAN | E26: Madrasah Aliyah | F26: swasta | G26: JAWA TIMUR | H26: PROBOLINGGO | I26: GADING | J26: JL. R. SIDHARTA | K26: Sudah Konfirmasi
A27: 25 | B27: 131235130107 | C27: 70006685 | D27: MAS KHOLAFIYAH HASANIYAH | E27: Madrasah Aliyah | F27: swasta | G27: JAWA TIMUR | H27: PROBOLINGGO | I27: GADING | J27: JL. R. SIDHARTA NO. 45 RT. 05 RW. 03 Desa Gading Wetan | K27: Sudah Konfirmasi | L27: NU
A28: 26 | B28: 131235130114 | C28: 70034666 | D28: MA ROBITHATUL QUR'AN | E28: Madrasah Aliyah | F28: swasta | G28: JAWA TIMUR | H28: PROBOLINGGO | I28: GADING | J28: Dsn. Daris RT.001 RW.001 | K28: Sudah Konfirmasi
A29: 27 | B29: 131235130118 | C29: 70029187 | D29: MA Nurul Anwar | E29: Madrasah Aliyah | F29: swasta | G29: JAWA TIMUR | H29: PROBOLINGGO | I29: GADING | J29: Jl. Raya Sentul Dusun Krajan RT 001 RW 001 Desa Sentul Kecamatan Gading Kabupaten Probolinggo | K29: Sudah Konfirmasi
A30: 28 | B30: 131235130009 | C30: 20584520 | D30: MAS WALISONGO | E30: Madrasah Aliyah | F30: swasta | G30: JAWA TIMUR | H30: PROBOLINGGO | I30: GENDING | J30: Jl. Raya Sebaung Gending Probolinggo 67272 | K30: Sudah Konfirmasi | L30: NU
A31: 29 | B31: 131235130010 | C31: 20579870 | D31: MAS MIFTAHUL ULUM | E31: Madrasah Aliyah | F31: swasta | G31: JAWA TIMUR | H31: PROBOLINGGO | I31: GENDING | J31: Jl. Banyubiru Dsn. Krajan Banyuanyar Lor Gending Probolinggo | K31: Sudah Konfirmasi | L31: NU
A32: 30 | B32: 131235130071 | C32: 69886300 | D32: MAS FATAHILLAH | E32: Madrasah Aliyah | F32: swasta | G32: JAWA TIMUR | H32: PROBOLINGGO | I32: GENDING | J32: JL. PON.PES FATAHILLAH DUSUN TALANG RT. 03 RW. 05 DESA SUMBERKERANG | K32: Sudah Konfirmasi | L32: NU
A33: 31 | B33: 131235130099 | C33: 69994778 | D33: MAS TARBIYATUL ISLAM | E33: Madrasah Aliyah | F33: swasta | G33: JAWA TIMUR | H33: PROBOLINGGO | I33: GENDING | J33: DUSUN KARNIN WETAN NO. 254 SUMBERKERANG | K33: Sudah Konfirmasi
A34: 32 | B34: 131235130109 | C34: 70009431 | D34: MAS KETERAMPILAN NURUR ROHMAH | E34: Madrasah Aliyah | F34: swasta | G34: JAWA TIMUR | H34: PROBOLINGGO | I34: GENDING | J34: DUSUN DARUNGAN RT. 017 RW. 003 | K34: Sudah Konfirmasi | L34: Lainnya
A35: 33 | B35: 131235130124 | C35: 70041160 | D35: MA MODEL DARUSSALAM | E35: Madrasah Aliyah | F35: swasta | G35: JAWA TIMUR | H35: PROBOLINGGO | I35: GENDING | J35: KLASEMAN | K35: Sudah Konfirmasi | L35: NU
A36: 34 | B36: 131235130135 | C36: 70045243 | D36: MA UNGGULAN MASLAHATUL UMMAH | E36: Madrasah Aliyah | F36: swasta | G36: JAWA TIMUR | H36: PROBOLINGGO | I36: GENDING | J36: JALAN RAYA GENDING | K36: Sudah Konfirmasi | L36: NU
A37: 35 | B37: 131235130011 | C37: 20584514 | D37: MAS SYAFI'IYAH | E37: Madrasah Aliyah | F37: swasta | G37: JAWA TIMUR | H37: PROBOLINGGO | I37: KOTAANYAR | J37: JL. KH ZAINUL MUIN PP NURUR RAHMAH | K37: Sudah Konfirmasi | L37: NU
A38: 36 | B38: 131235130095 | C38: 69975839 | D38: MAS AL-KHOIRIYAH | E38: Madrasah Aliyah | F38: swasta | G38: JAWA TIMUR | H38: PROBOLINGGO | I38: KOTAANYAR | J38: JL. KOTAANYAR, BELAKANG SDN SIDOREJO | K38: Belum Konfirmasi | L38: NU
A39: 37 | B39: 131235130119 | C39: 70028215 | D39: MA TERPADU NURUL ANWAR | E39: Madrasah Aliyah | F39: swasta | G39: JAWA TIMUR | H39: PROBOLINGGO | I39: KOTAANYAR | J39: Dusun Krajan RT.10/Rw.05 | K39: Sudah Konfirmasi
A40: 38 | B40: 131235130126 | C40: 70043404 | D40: MA PROGRESIF BUMI AL-QUR'AN KOTAANYAR | E40: Madrasah Aliyah | F40: swasta | G40: JAWA TIMUR | H40: PROBOLINGGO | I40: KOTAANYAR | J40: Jl. Raya Gondosuli No.02 | K40: Belum Konfirmasi
A41: 39 | B41: 131235130012 | C41: 20584521 | D41: MAS ZAINUL ANWAR | E41: Madrasah Aliyah | F41: swasta | G41: JAWA TIMUR | H41: PROBOLINGGO | I41: KRAKSAAN | J41: ALASSUMUR KULON KRAKSAAN | K41: Sudah Konfirmasi | L41: NU
A42: 40 | B42: 131235130013 | C42: 20584510 | D42: MAS SIROJUL ISLAM | E42: Madrasah Aliyah | F42: swasta | G42: JAWA TIMUR | H42: PROBOLINGGO | I42: KRAKSAAN | J42: JL. KH MUNIR CHOZIN NO. 8 | K42: Sudah Konfirmasi
A43: 41 | B43: 131235130014 | C43: 20579873 | D43: MAS NAHDLATUL ULAMA' | E43: Madrasah Aliyah | F43: swasta | G43: JAWA TIMUR | H43: PROBOLINGGO | I43: KRAKSAAN | J43: JL. MAYJEND PANJAITAN 16 A KEL. SIDOMUKTI KEC. KRAKSAAN KAB. PROBOLINGGO | K43: Sudah Konfirmasi | L43: NU
A44: 42 | B44: 131235130015 | C44: 20584515 | D44: MAS SYEKH ABDUL QODIR AL JAILANI RANGKANG | E44: Madrasah Aliyah | F44: swasta | G44: JAWA TIMUR | H44: PROBOLINGGO | I44: KRAKSAAN | J44: JL. JOGOSARI NO.09 | K44: Sudah Konfirmasi | L44: NU
A45: 43 | B45: 131235130016 | C45: 20579858 | D45: MAS NURUL ISLAM | E45: Madrasah Aliyah | F45: swasta | G45: JAWA TIMUR | H45: PROBOLINGGO | I45: KRAKSAAN | J45: JL. PELABUHAN NO. 381 KALIBUNTU KRAKSAAN PROBOLINGGO 67282 | K45: Sudah Konfirmasi | L45: Lainnya
A46: 44 | B46: 131235130017 | C46: 69726471 | D46: MAS PLUS AL-MASHDUQIAH | E46: Madrasah Aliyah | F46: swasta | G46: JAWA TIMUR | H46: PROBOLINGGO | I46: KRAKSAAN | J46: JL. IR. H. JUANDA NO. 370 | K46: Belum Konfirmasi | L46: Mandiri
A47: 45 | B47: 131235130018 | C47: 20579843 | D47: MAS BADRIDDUJA | E47: Madrasah Aliyah | F47: swasta | G47: JAWA TIMUR | H47: PROBOLINGGO | I47: KRAKSAAN | J47: JL. SUNAN KUDUS NO. 02 | K47: Sudah Konfirmasi | L47: NU
A48: 46 | B48: 131235130019 | C48: 20579848 | D48: MAS DARUL LUGHAH WAL KAROMAH | E48: Madrasah Aliyah | F48: swasta | G48: JAWA TIMUR | H48: PROBOLINGGO | I48: KRAKSAAN | J48: Jl. Mayjen Panjaitan No. 12 | K48: Sudah Konfirmasi
A49: 47 | B49: 131235130020 | C49: 20579879 | D49: MAS NURUL QUR'AN | E49: Madrasah Aliyah | F49: swasta | G49: JAWA TIMUR | H49: PROBOLINGGO | I49: KRAKSAAN | J49: Jl. Ir. H. Juanda No. 41 | K49: Sudah Konfirmasi | L49: NU
A50: 48 | B50: 131235130110 | C50: 70007066 | D50: MAS PLUS TARUNA ISLAM AL-KAUTSAR | E50: Madrasah Aliyah | F50: swasta | G50: JAWA TIMUR | H50: PROBOLINGGO | I50: KRAKSAAN | J50: JL. PATTIMURA NO. 1 | K50: Sudah Konfirmasi | L50: NU
A51: 49 | B51: 131235130116 | C51: 70034664 | D51: MA NURUD DZALAM | E51: Madrasah Aliyah | F51: swasta | G51: JAWA TIMUR | H51: PROBOLINGGO | I51: KRAKSAAN | J51: Dusun Wakaf RT. 03 RW. 07 | K51: Belum Konfirmasi | L51: Lainnya
A52: 50 | B52: 131235130021 | C52: 20584505 | D52: MAS AL-MUTTAHIDAH | E52: Madrasah Aliyah | F52: swasta | G52: JAWA TIMUR | H52: PROBOLINGGO | I52: KREJENGAN | J52: Jl. Kh. Rofii Abd. Karim Dusun Krajan | K52: Sudah Konfirmasi
A53: 51 | B53: 131235130022 | C53: 20584511 | D53: MAS SUNAN AMPEL | E53: Madrasah Aliyah | F53: swasta | G53: JAWA TIMUR | H53: PROBOLINGGO | I53: KREJENGAN | J53: JL. PP. SUBULUL MAARIF | K53: Sudah Konfirmasi | L53: NU
A54: 52 | B54: 131235130023 | C54: 20579875 | D54: MAS NURUD DAKWAH | E54: Madrasah Aliyah | F54: swasta | G54: JAWA TIMUR | H54: PROBOLINGGO | I54: KREJENGAN | J54: JL. PENANGAN NO. 97 A | K54: Sudah Konfirmasi | L54: NU
A55: 53 | B55: 131235130024 | C55: 20584525 | D55: MAS ZAINUL HASAN 3 | E55: Madrasah Aliyah | F55: swasta | G55: JAWA TIMUR | H55: PROBOLINGGO | I55: KREJENGAN | J55: Jl. Pahlawan No. 04 Krejengan | K55: Sudah Konfirmasi | L55: NU
A56: 54 | B56: 131235130025 | C56: 20579851 | D56: MAS DARUT TAUHID | E56: Madrasah Aliyah | F56: swasta | G56: JAWA TIMUR | H56: PROBOLINGGO | I56: KREJENGAN | J56: JL. KH. HASAN SAIFOURRIDZAL. NO. 06 TANJUNGSARI | K56: Sudah Konfirmasi | L56: NU
A57: 55 | B57: 131235130059 | C57: 20577752 | D57: MAS AL HUSNA | E57: Madrasah Aliyah | F57: swasta | G57: JAWA TIMUR | H57: PROBOLINGGO | I57: KREJENGAN | J57: JL. KH MUH KHAZIN | K57: Sudah Konfirmasi | L57: NU
A58: 56 | B58: 131235130061 | C58: 20584507 | D58: MAS RAUDLATUL MUTAALLIMIN | E58: Madrasah Aliyah | F58: swasta | G58: JAWA TIMUR | H58: PROBOLINGGO | I58: KREJENGAN | J58: JL. KH. ACH. NURUDDIN NO. 20 DUSUN KRAJAN DESA OPO-OPO | K58: Sudah Konfirmasi | L58: NU
A59: 57 | B59: 131235130067 | C59: 69894868 | D59: MAS NURUL ISTIFADAH | E59: Madrasah Aliyah | F59: swasta | G59: JAWA TIMUR | H59: PROBOLINGGO | I59: KREJENGAN | J59: GEBANGAN | K59: Sudah Konfirmasi
A60: 58 | B60: 131235130082 | C60: 69963551 | D60: MAS SIRAJUL ULUM | E60: Madrasah Aliyah | F60: swasta | G60: JAWA TIMUR | H60: PROBOLINGGO | I60: KREJENGAN | J60: DUSUN KRAJAN II | K60: Sudah Konfirmasi | L60: NU
A61: 59 | B61: 131235130132 | C61: 70034673 | D61: MA BAROKATUL HASAN | E61: Madrasah Aliyah | F61: swasta | G61: JAWA TIMUR | H61: PROBOLINGGO | I61: KREJENGAN | J61: Dusun Asem Rt 02 Rw 02 | K61: Sudah Konfirmasi | L61: NU
A62: 60 | B62: 131235130026 | C62: 20584512 | D62: MAS SUNAN GIRI | E62: Madrasah Aliyah | F62: swasta | G62: JAWA TIMUR | H62: PROBOLINGGO | I62: KRUCIL | J62: DUSUN TENGAH, DESA KRUCIL, RT 011, RW 002 | K62: Sudah Konfirmasi | L62: NU
A63: 61 | B63: 131235130086 | C63: 69977839 | D63: MAS NU TARBIYATUS SHIBYAN | E63: Madrasah Aliyah | F63: swasta | G63: JAWA TIMUR | H63: PROBOLINGGO | I63: KRUCIL | J63: Jl Dewi Rengganis | K63: Sudah Konfirmasi | L63: NU
A64: 62 | B64: 131235130087 | C64: 69977840 | D64: MAS SUNAN AMPEL | E64: Madrasah Aliyah | F64: swasta | G64: JAWA TIMUR | H64: PROBOLINGGO | I64: KRUCIL | J64: JL. JERANGJANG | K64: Sudah Konfirmasi | L64: NU
A65: 63 | B65: 131235130104 | C65: 70006806 | D65: MAS PLUS TARBIYATUL ISLAM | E65: Madrasah Aliyah | F65: swasta | G65: JAWA TIMUR | H65: PROBOLINGGO | I65: KRUCIL | J65: JL. GADING-PANJILARAS KM. 08 RT. 009 RW. 002 DUSUN SENENG TENGAH | K65: Sudah Konfirmasi | L65: NU
A66: 64 | B66: 131235130113 | C66: 70034522 | D66: MA MIFTAHUL ULUM | E66: Madrasah Aliyah | F66: swasta | G66: JAWA TIMUR | H66: PROBOLINGGO | I66: KRUCIL | J66: Dusun Kramat RT/RW 018/007 | K66: Sudah Konfirmasi | L66: NU
A67: 65 | B67: 131235130115 | C67: 70035262 | D67: MA MUHAMMAD SHODIQ | E67: Madrasah Aliyah | F67: swasta | G67: JAWA TIMUR | H67: PROBOLINGGO | I67: KRUCIL | J67: DUSUN KERTAKATA RT. 005 RW. 002 | K67: Sudah Konfirmasi | L67: NU
A68: 66 | B68: 131235130127 | C68: 70035668 | D68: MA ALHIDAYAH MUHAMMAD SHODIQ | E68: Madrasah Aliyah | F68: swasta | G68: JAWA TIMUR | H68: PROBOLINGGO | I68: KRUCIL | J68: DUSUN DUREN RT. 005 RW. 002 | K68: Sudah Konfirmasi | L68: NU
A69: 67 | B69: 131235130128 | C69: 70034681 | D69: MA MAMBAUL ULUM | E69: Madrasah Aliyah | F69: swasta | G69: JAWA TIMUR | H69: PROBOLINGGO | I69: KRUCIL | J69: Jalan Raya Sumberduren, RT 010 RW 003 | K69: Sudah Konfirmasi | L69: NU
A70: 68 | B70: 131235130130 | C70: 70034679 | D70: MA WALI SONGO | E70: Madrasah Aliyah | F70: swasta | G70: JAWA TIMUR | H70: PROBOLINGGO | I70: KRUCIL | J70: Kertosuko | K70: Sudah Konfirmasi
A71: 69 | B71: 131235130137 | C71: 70045012 | D71: MA MIFTAHUL ISLAM KROBUNGAN | E71: Madrasah Aliyah | F71: swasta | G71: JAWA TIMUR | H71: PROBOLINGGO | I71: KRUCIL | J71: DUSUN KRAJAN RT.02 RW.01 | K71: Sudah Konfirmasi | L71: NU
A72: 70 | B72: 131235130066 | C72: 69815360 | D72: MAS MIFTAHUL KHOIR | E72: Madrasah Aliyah | F72: swasta | G72: JAWA TIMUR | H72: PROBOLINGGO | I72: KURIPAN | J72: JL. TRUNOREJO NO. 75 DESA MENYONO | K72: Belum Konfirmasi
A73: 71 | B73: 131235130027 | C73: 20584517 | D73: MAS THOYYIB HASYIM | E73: Madrasah Aliyah | F73: swasta | G73: JAWA TIMUR | H73: PROBOLINGGO | I73: LECES | J73: JL. KY. HASYIM JORONGAN LECES | K73: Belum Konfirmasi | L73: NU
A74: 72 | B74: 131235130028 | C74: 20579881 | D74: MAS NURUR RAHMAH | E74: Madrasah Aliyah | F74: swasta | G74: JAWA TIMUR | H74: PROBOLINGGO | I74: LECES | J74: JL. RAYA LUMAJANG NO. 120 | K74: Sudah Konfirmasi | L74: NU
A75: 73 | B75: 131235130029 | C75: 20579860 | D75: MAS AL-KHOIRIYAH | E75: Madrasah Aliyah | F75: swasta | G75: JAWA TIMUR | H75: PROBOLINGGO | I75: LECES | J75: Dusun Kyai Hasan Rt/Rw 003/004 kerpangan leces probolinggo | K75: Sudah Konfirmasi | L75: NU
A76: 74 | B76: 131235130063 | C76: 69849466 | D76: MAS HIKMATUL ULUM | E76: Madrasah Aliyah | F76: swasta | G76: JAWA TIMUR | H76: PROBOLINGGO | I76: LECES | J76: JL. RONGGOJALU NO. 02 | K76: Sudah Konfirmasi | L76: NU
A77: 75 | B77: 131235130065 | C77: 69815359 | D77: MAS SULLAMUL HIDAYAH | E77: Madrasah Aliyah | F77: swasta | G77: JAWA TIMUR | H77: PROBOLINGGO | I77: LECES | J77: Dusun Campuran RT 03 RW 08 | K77: Sudah Konfirmasi
A78: 76 | B78: 131235130121 | C78: 70035521 | D78: MA NURUL ULUM | E78: Madrasah Aliyah | F78: swasta | G78: JAWA TIMUR | H78: PROBOLINGGO | I78: LECES | J78: Dusun Kerpangan Selatan RT/RW : 06/12 | K78: Sudah Konfirmasi | L78: NU
A79: 77 | B79: 131235130129 | C79: 70035240 | D79: MA NUURUL JAMAAL | E79: Madrasah Aliyah | F79: swasta | G79: JAWA TIMUR | H79: PROBOLINGGO | I79: LECES | J79: Dusun Krajan RT/RW 008/001 | K79: Sudah Konfirmasi | L79: NU
A80: 78 | B80: 131235130064 | C80: 69815358 | D80: MAS DARUS SHOLIHIN | E80: Madrasah Aliyah | F80: swasta | G80: JAWA TIMUR | H80: PROBOLINGGO | I80: LUMBANG | J80: BOTO | K80: Sudah Konfirmasi | L80: NU
A81: 79 | B81: 131235130072 | C81: 69894869 | D81: MAS ZAINUL HASAN V | E81: Madrasah Aliyah | F81: swasta | G81: JAWA TIMUR | H81: PROBOLINGGO | I81: LUMBANG | J81: Jl. Raya Bromo No. 200 | K81: Sudah Konfirmasi | L81: NU
A82: 80 | B82: 131235130123 | C82: 70035259 | D82: MA AL - HAQIQY | E82: Madrasah Aliyah | F82: swasta | G82: JAWA TIMUR | H82: PROBOLINGGO | I82: LUMBANG | J82: Dsn. Krajan RT/RW 003/001 | K82: Sudah Konfirmasi | L82: NU
A83: 81 | B83: 131235130030 | C83: 20579874 | D83: MAS NU MARON | E83: Madrasah Aliyah | F83: swasta | G83: JAWA TIMUR | H83: PROBOLINGGO | I83: MARON | J83: JL. KYAI AHMAD ABDURROHIM MARON WETAN | K83: Sudah Konfirmasi | L83: NU
A84: 82 | B84: 131235130031 | C84: 20579861 | D84: MAS RAUDLATUL ISTIQOMAH | E84: Madrasah Aliyah | F84: swasta | G84: JAWA TIMUR | H84: PROBOLINGGO | I84: MARON | J84: JL. KLASEMAN-MARON. DESA SUKO KECAMATAN.MARON RT. 004.RW. 001 | K84: Sudah Konfirmasi
A85: 83 | B85: 131235130032 | C85: 20579856 | D85: MAS LUBBUL LABIB | E85: Madrasah Aliyah | F85: swasta | G85: JAWA TIMUR | H85: PROBOLINGGO | I85: MARON | J85: JL. KH. ACH. QUSYAIRI KEDUNGSARI | K85: Sudah Konfirmasi | L85: NU
A86: 84 | B86: 131235130033 | C86: 20584504 | D86: MAS AINUL HASAN | E86: Madrasah Aliyah | F86: swasta | G86: JAWA TIMUR | H86: PROBOLINGGO | I86: MARON | J86: JL. KH. HASAN GENGGONG GG. SATRIA BD | K86: Sudah Konfirmasi | L86: NU
A87: 85 | B87: 131235130074 | C87: 69941748 | D87: MAS SUNAN BONANG | E87: Madrasah Aliyah | F87: swasta | G87: JAWA TIMUR | H87: PROBOLINGGO | I87: MARON | J87: JL. KYAI AHMAD LEBBE | K87: Sudah Konfirmasi | L87: NU
A88: 86 | B88: 131235130075 | C88: 69941747 | D88: MAS NURUL HASAN | E88: Madrasah Aliyah | F88: swasta | G88: JAWA TIMUR | H88: PROBOLINGGO | I88: MARON | J88: JL. CONDONG-PAJARAKAN DUSUN KRAJAN | K88: Sudah Konfirmasi | L88: NU
A89: 87 | B89: 131235130092 | C89: 69977845 | D89: MAS RAUDLATUL FATAH | E89: Madrasah Aliyah | F89: swasta | G89: JAWA TIMUR | H89: PROBOLINGGO | I89: MARON | J89: DUSUN KRAJAN | K89: Sudah Konfirmasi | L89: NU
A90: 88 | B90: 131235130111 | C90: 70007067 | D90: MAS DARUL FALAH | E90: Madrasah Aliyah | F90: swasta | G90: JAWA TIMUR | H90: PROBOLINGGO | I90: MARON | J90: DUSUN KRAJAN RT. 04 RW. 02 | K90: Sudah Konfirmasi | L90: Lainnya
A91: 89 | B91: 131135130001 | C91: 20579855 | D91: MAN 1 PROBOLINGGO | E91: Madrasah Aliyah | F91: negeri | G91: JAWA TIMUR | H91: PROBOLINGGO | I91: PAITON | J91: JL. RAYA KARANGANYAR PAITON | K91: Sudah Konfirmasi | L91: Mandiri
A92: 90 | B92: 131235130034 | C92: 20579866 | D92: MAS MAMBAUL ULUM | E92: Madrasah Aliyah | F92: swasta | G92: JAWA TIMUR | H92: PROBOLINGGO | I92: PAITON | J92: JL. PESANTREN SUKODADI PAITON | K92: Sudah Konfirmasi
A93: 91 | B93: 131235130035 | C93: 20579854 | D93: MAS ISLAMIYAH SYAFIIYAH | E93: Madrasah Aliyah | F93: swasta | G93: JAWA TIMUR | H93: PROBOLINGGO | I93: PAITON | J93: DESA SUMBERANYAR | K93: Sudah Konfirmasi | L93: Lainnya
A94: 92 | B94: 131235130036 | C94: 20579842 | D94: MAS ARRIYADLAH PANDEAN | E94: Madrasah Aliyah | F94: swasta | G94: JAWA TIMUR | H94: PROBOLINGGO | I94: PAITON | J94: JL. PAKUNIRAN PANDEAN PAITON PROBOLINGGO 67291 | K94: Sudah Konfirmasi | L94: NU
A95: 93 | B95: 131235130037 | C95: 20579850 | D95: MAS DARUL ULUM | E95: Madrasah Aliyah | F95: swasta | G95: JAWA TIMUR | H95: PROBOLINGGO | I95: PAITON | J95: JL. TAMAN | K95: Sudah Konfirmasi
A96: 94 | B96: 131235130038 | C96: 20579864 | D96: MAS MAMBAUL HASAN | E96: Madrasah Aliyah | F96: swasta | G96: JAWA TIMUR | H96: PROBOLINGGO | I96: PAITON | J96: JL. JOHARAN SUMBERREJO PAITON | K96: Sudah Konfirmasi | L96: NU
A97: 95 | B97: 131235130039 | C97: 20579877 | D97: MAS NURUL HIDAYAH | E97: Madrasah Aliyah | F97: swasta | G97: JAWA TIMUR | H97: PROBOLINGGO | I97: PAITON | J97: JL. JOHARAN DUSUN KRAJANRT. 07 RW. 03 | K97: Sudah Konfirmasi | L97: NU
A98: 96 | B98: 131235130040 | C98: 20579878 | D98: MAS NURUL JADID | E98: Madrasah Aliyah | F98: swasta | G98: JAWA TIMUR | H98: PROBOLINGGO | I98: PAITON | J98: Desa Karanganyar Kecamatan Paiton Kabupaten Probolinggo | K98: Sudah Konfirmasi
A99: 97 | B99: 131235130041 | C99: 20579880 | D99: MAS NURUL YAQIN | E99: Madrasah Aliyah | F99: swasta | G99: JAWA TIMUR | H99: PROBOLINGGO | I99: PAITON | J99: JL. KOTAANYAR - SUMBERANYAR | K99: Sudah Konfirmasi | L99: Lainnya
A100: 98 | B100: 131235130068 | C100: 69894870 | D100: MAS NURUL QADIM | E100: Madrasah Aliyah | F100: swasta | G100: JAWA TIMUR | H100: PROBOLINGGO | I100: PAITON | J100: JL. KH. HASYIM / KYAI MINO PO BOX 03 | K100: Sudah Konfirmasi | L100: NU
...

Sheet Data Pengawas RA-MI
C2: =A62&" Pengawas RA/MI " -> 58 Pengawas RA/MI | E2: DATA PENGAWAS MADRASAH KANKEMENAG KAB. PROBOLINGGO JENJANG RA/MI
A4: No | B4: NIP | C4: NAMA | D4: L/P | E4: GOL | G4: TMT SP TERBARU | H4: JENJANG | I4: WILAYAH LAMA | J4: JENJANG SESUAI SK KEPENGAWAS AWAL | K4: TANGGAL LAHIR | L4: USIA | M4: DAMPAK ATURAN | N4: TANGGAL PANSIUN | O4: ALAMAT LENGKAP | P4: Kecamatan | Q4: NAMA
A5: 1 | B5: 196707202005011004 | C5: A. SULHAN, S.Ag | D5: L | E5: III/d | G5: 45474 | H5: RA/MI | I5: Pengawas RA,MI Kec. Paiton | J5: Pengawas RA/MI | K5: 24673 | L5: =DATEDIF(K5,TODAY(),"Y") -> 57 | M5: 58 | N5: =TEXT(EDATE(K5,12*M5),"DD MMMM YYYY") -> 20 Juli 2025 | O5: Jl. H. Mansur Tanjung lor RT. 25 RW. 12, Desa/Kel. Karanganyar, Kec. Paiton | P5: Paiton | Q5: A. SULHAN
A6: 2 | B6: 197007102000031005 | C6: ABD. HALIM, S.Pd.I | D6: L | E6: IV/b | G6: 44197 | H6: RA/MI | I6: Pengawas RA,MI Kec. Pakuniran | J6: Pengawas RA/MI | K6: 25759 | L6: =DATEDIF(K6,TODAY(),"Y") -> 54 | M6: 60 | N6: =TEXT(EDATE(K6,12*M6),"DD MMMM YYYY") -> 10 Juli 2030 | O6: Dusun Prasi Selatan RT. 17 RW. 07, Desa/Kel. Prasi, Kec. Gading | P6: Gading | Q6: ABD. HALIM
A7: 3 | B7: 197208162000031002 | C7: ABD. WAHID, S.Ag | D7: L | E7: IV/a | G7: Lama sekali | H7: RA/MI | I7: Pengawas RA, MI Kec. Tiris Barat | J7: Pengawas RA/MI | K7: 26527 | L7: =DATEDIF(K7,TODAY(),"Y") -> 52 | M7: 60 | N7: =TEXT(EDATE(K7,12*M7),"DD MMMM YYYY") -> 16 Agustus 2032 | O7: Dusun Krajan RT. 01 RW. 01, Desa/Kel. Sentul, Kec. Gading | P7: Gading | Q7: ABD. WAHID
A8: 4 | B8: 197303072005011004 | C8: ABDUL HAMID, S.Pd, M.Pd | D8: L | E8: IV/a | G8: 42430 | H8: RA/MI | I8: Pengawas RA,MI Kec. Krejengan | J8: Pengawas RA/MI | K8: 26730 | L8: =DATEDIF(K8,TODAY(),"Y") -> 51 | M8: 60 | N8: =TEXT(EDATE(K8,12*M8),"DD MMMM YYYY") -> 07 Maret 2033 | O8: Jl. Dimas Kanjeng No.135 RT. 20 RW. 08, Desa/Kel. Wangkal, Kec. Gading | P8: Gading | Q8: ABDUL HAMID
A9: 5 | B9: 197606182000031005 | C9: ABDUSSAMAT, S.Ag | D9: L | E9: III/c | G9: 45474 | H9: RA/MI | I9: Pengawas RA,MI Kec. Pakuniran | J9: Pengawas RA/MI | K9: 27929 | L9: =DATEDIF(K9,TODAY(),"Y") -> 48 | M9: 60 | N9: =TEXT(EDATE(K9,12*M9),"DD MMMM YYYY") -> 18 Juni 2036 | O9: Dusun Jukoan RT. 03 RW. 12, Desa/Kel. Kecik, Kec. Besuk | P9: Besuk | Q9: ABDUS SAMAT
A10: 6 | B10: 197808052005011004 | C10: AGUS SOLEH, S.Pd | D10: L | E10: III/d | G10: 45474 | H10: RA/MI | I10: Pengawas RA,MI Kec. Banyuanyar | J10: Pengawas RA/MI | K10: 28707 | L10: =DATEDIF(K10,TODAY(),"Y") -> 46 | M10: 60 | N10: =TEXT(EDATE(K10,12*M10),"DD MMMM YYYY") -> 05 Agustus 2038 | O10: Dusun Bengkingan RT. 01 RW. 01, Desa/Kel. Kalirejo, Kec. Dringu | P10: Dringu | Q10: AGUS SOLEH
A11: 7 | B11: 196712102005011002 | C11: AMIR MAHMUD, S.Pd,M.Pd.I | D11: L | E11: III/d | G11: 43556 | H11: RA/MI | I11: Pengawas RA,MI Kec. Kraksaan | J11: Pengawas RA/MI | K11: 24816 | L11: =DATEDIF(K11,TODAY(),"Y") -> 57 | M11: 58 | N11: =TEXT(EDATE(K11,12*M11),"DD MMMM YYYY") -> 10 Desember 2025 | O11: Dusun Tambak Rejo RT. 02 RW. 03, Desa/Kel. Kedungcaluk, Kec. Krejengan | P11: Krejengan | Q11: AMIR MAHMUD
A12: 8 | B12: 198304042005012004 | C12: ANGGRE AFREANDINA, S.Pd.SD | D12: P | E12: III/d | G12: 44868 | H12: RA/MI | I12: Pengawas RA,MI Kec. Krejengan | J12: Pengawas MI | K12: 30410 | L12: =DATEDIF(K12,TODAY(),"Y") -> 41 | M12: 60 | N12: =TEXT(EDATE(K12,12*M12),"DD MMMM YYYY") -> 04 April 2043 | O12: Jl PAHLAWAN RT. 02 RW. 01, Desa/Kel. Krejengan, Kec. Krejengan | P12: Krejengan | Q12: ANGGRE AFREANDINA
A13: 9 | B13: 197304152005012004 | C13: ASNITI, S.Pd | D13: P | E13: III/d | G13: 44868 | H13: RA/MI | I13: Pengawas RA,MI Kec. Leces | J13: Pengawas MI | K13: 26769 | L13: =DATEDIF(K13,TODAY(),"Y") -> 51 | M13: 60 | N13: =TEXT(EDATE(K13,12*M13),"DD MMMM YYYY") -> 15 April 2033 | O13: DUSUN KRAJAN 1 RT. 5 RW. 1, Desa/Kel. Clarak, Kec. Leces | P13: Leces | Q13: ASNITI
A14: 10 | B14: 196706102005011004 | C14: BAKRI , S.Pd | D14: L | E14: III/d | G14: 44470 | H14: RA/MI | I14: Pengawas RA,MI Kec. Paiton | J14: Pengawas RA/MI | K14: 24633 | L14: =DATEDIF(K14,TODAY(),"Y") -> 57 | M14: 58 | N14: =TEXT(EDATE(K14,12*M14),"DD MMMM YYYY") -> 10 Juni 2025 | O14: Dusun Krajan RT. 13 RW. 04, Desa/Kel. Kotaanyar, Kec. Kota Anyar | P14: Kotaanyar | Q14: BAKRI
A15: 11 | B15: 197705052005011008 | C15: DIAN EKO PRASETYONO, S.Pd | D15: L | E15: lll/d | G15: 45474 | H15: RA/MI | I15: Pengawas RA, MI Kec. Tiris Timur | J15: Pengawas MI | K15: 28250 | L15: =DATEDIF(K15,TODAY(),"Y") -> 47 | M15: 60 | N15: =TEXT(EDATE(K15,12*M15),"DD MMMM YYYY") -> 05 Mei 2037 | O15: Dusun Sukun RT. 02 RW. 01, Desa/Kel. Pendil, Kec. Banyu Anyar | P15: Banyuanyar | Q15: DIAN EKO PRASETYONO
A16: 12 | B16: 198212242005012003 | C16: DIANA DWI RAHAYU, S.Pd.SD,M.Pd | D16: P | E16: III/c | G16: 45474 | H16: RA/MI | I16: Pengawas RA,MI Kec. Gending | J16: Pengawas MI | K16: 30309 | L16: =DATEDIF(K16,TODAY(),"Y") -> 42 | M16: 60 | N16: =TEXT(EDATE(K16,12*M16),"DD MMMM YYYY") -> 24 Desember 2042 | O16: DUSUN GADING RT. 13 RW. 4, Desa/Kel. Wonorejo, Kec. Maron | P16: Maron | Q16: DIANA DWI RAHAYU
A17: 13 | B17: 198001022005011003 | C17: DIDIK IRAWAN, S.Pd | D17: L | E17: III/d | G17: 45474 | H17: RA/MI | I17: Pengawas RA,MI Kec. Maron | J17: Pengawas RA/MI | K17: 29222 | L17: =DATEDIF(K17,TODAY(),"Y") -> 45 | M17: 60 | N17: =TEXT(EDATE(K17,12*M17),"DD MMMM YYYY") -> 02 Januari 2040 | O17: Jl. DKA RT. 04 RW. 02, Desa/Kel. Brabe, Kec. Maron | P17: Maron | Q17: DIDIK IRAWAN
A18: 14 | B18: 196911232005012002 | C18: DIYAH TRI WAHTU UTAMI, S Pd | D18: P | E18: III/d | G18: 44823 | H18: RA/MI | I18: Pengawas RA,MI Kec. Krucil | J18: Pengawas RA/MI | K18: 25530 | L18: =DATEDIF(K18,TODAY(),"Y") -> 55 | M18: 60 | N18: =TEXT(EDATE(K18,12*M18),"DD MMMM YYYY") -> 23 November 2029 | O18: TAMBELANG TIMUR RT. 009 RW. 02, Desa/Kel. Krucil, Kec. Krucil | P18: Krucil | Q18: DIYAH TRI WAHTU UTAMI
A19: 15 | B19: 198101032005011003 | C19: DWI KARTIKO HADISAPUTRO, S.Pd | D19: L | E19: III/d | G19: 45108 | H19: RA/MI | I19: Pengawas RA,MI Kec. Krucil | J19: Pengawas MI | K19: 29589 | L19: =DATEDIF(K19,TODAY(),"Y") -> 44 | M19: 60 | N19: =TEXT(EDATE(K19,12*M19),"DD MMMM YYYY") -> 03 Januari 2041 | O19: Dusun Krajan 2 RT. 9 RW. 2, Desa/Kel. Maron Wetan, Kec. Maron | P19: Maron | Q19: DWI KARTIKO HADISAPUTRO
... A22: 18 | B22: 197609272005011002 | C22: HASAN, S.Pd.SD,M.Pd.I | D22: L | E22: III/d | G22: 45474 | H22: RA/MI | I22: Pengawas RA,MI Kec. Gading | J22: Pengawas RA/MI | K22: 28030 | L22: =DATEDIF(K22,TODAY(),"Y") -> 48 | M22: 60 | N22: =TEXT(EDATE(K22,12*M22),"DD MMMM YYYY") -> 27 September 2036 | O22: DUSUN KASENGAN RT. 04 RW. 02, Desa/Kel. Sumberkatimoho, Kec. Krejengan | P22: Krejengan | Q22: HASAN
A23: 19 | B23: 198306152005011006 | C23: HOSNAN, S.Pd.SD | D23: L | E23: III/d | G23: 01 Oktober 2021 | H23: RA/MI | I23: Pengawas RA,MI Kec. Kraksaan | J23: Pengawas RA/MI | K23: 30482 | L23: =DATEDIF(K23,TODAY(),"Y") -> 41 | M23: 60 | N23: =TEXT(EDATE(K23,12*M23),"DD MMMM YYYY") -> 15 Juni 2043 | O23: Pondok Pabean Indah Blok Kavling No KK 06 RT. 06 RW. 06, Desa/Kel. Pabean, Kec. Dringu | P23: Dringu | Q23: HOSNAN
A24: 20 | B24: 198301122005012002 | C24: IKA CANDRA DEWI, S.Pd | D24: P | E24: III/c | G24: 44868 | H24: RA/MI | I24: Pengawas RA, MI Kec. Tiris Timur | J24: Pengawas MI | K24: 30328 | L24: =DATEDIF(K24,TODAY(),"Y") -> 42 | M24: 60 | N24: =TEXT(EDATE(K24,12*M24),"DD MMMM YYYY") -> 12 Januari 2043 | O24: Dusun Krajan I RT. 17 RW. 06, Desa/Kel. Pesawahan, Kec. Tiris | P24: Tiris | Q24: IKA CANDRA DEWI
A25: 21 | B25: 197607052005011004 | C25: IMAM GHOZALI, S.Pd | D25: L | E25: lll/d | G25: 45078 | H25: RA/MI | I25: Pengawas RA, MI Kec. Tiris Barat | J25: Pengawas MI | K25: 27946 | L25: =DATEDIF(K25,TODAY(),"Y") -> 48 | M25: 60 | N25: =TEXT(EDATE(K25,12*M25),"DD MMMM YYYY") -> 05 Juli 2036 | O25: Dusun Gapur RT. 09 RW. 03, Desa/Kel. Brumbungan Lor, Kec. Gending | P25: Gending | Q25: IMAM GHOZALI
A26: 22 | B26: 197806242005011002 | C26: ISHAK, S.Pd | D26: L | E26: III/d | G26: 45474 | H26: RA/MI | I26: Pengawas RA, MI Kec. Tiris Timur | J26: Pengawas MI | K26: 28665 | L26: =DATEDIF(K26,TODAY(),"Y") -> 46 | M26: 60 | N26: =TEXT(EDATE(K26,12*M26),"DD MMMM YYYY") -> 24 Juni 2038 | O26: Dusun Krajan RT. 01 RW. 02, Desa/Kel. Bulujaran Kidul, Kec. Tegal Siwalan | P26: Tegalsiwalan | Q26: ISHAK
A27: 23 | B27: 198404112005011002 | C27: ISWANTO, S.Pd, M.Pd | D27: L | E27: III/d | G27: 45078 | H27: RA/MI | I27: Pengawas RA,MI Kec. Wonomerto, Tongas | J27: Pengawas MI | K27: 30783 | L27: =DATEDIF(K27,TODAY(),"Y") -> 40 | M27: 60 | N27: =TEXT(EDATE(K27,12*M27),"DD MMMM YYYY") -> 11 April 2044 | O27: DUSUN ASEM LURUS RT. 19 RW. 05, Desa/Kel. Muneng, Kec. Sumber Asih | P27: Sumberasih | Q27: ISWANTO
A28: 24 | B28: 196904282005012012 | C28: JUHAIRIYAH, S.Ag | D28: P | E28: IV/a | G28: 45474 | H28: RA/MI | I28: Pengawas RA,MI Kec. Banyuanyar | J28: Pengawas RA | K28: 25321 | L28: =DATEDIF(K28,TODAY(),"Y") -> 55 | M28: 60 | N28: =TEXT(EDATE(K28,12*M28),"DD MMMM YYYY") -> 28 April 2029 | O28: Dusun Kramat RT. 03 RW. 02, Desa/Kel. Puspan, Kec. Maron | P28: Maron | Q28: JUHAIRIYAH
A29: 25 | B29: 198207152005011002 | C29: KARIMUL HUDA, S.Pd | D29: L | E29: III/c | G29: 45078 | H29: RA/MI | I29: Pengawas RA,MI Kec. Bantaran | J29: Pengawas RA/MI | K29: 30147 | L29: =DATEDIF(K29,TODAY(),"Y") -> 42 | M29: 60 | N29: =TEXT(EDATE(K29,12*M29),"DD MMMM YYYY") -> 15 Juli 2042 | O29: Dusun Krasak RT. 09 RW. 02, Desa/Kel. Menyono, Kec. Kuripan | P29: Kuripan | Q29: KARIMUL HUDA
A30: 26 | B30: 197206302005011002 | C30: KHOLID MUSTOFA, S.Pd.I,M.Pd | D30: L | E30: III/d | G30: 45474 | H30: RA/MI | I30: Pengawas RA,MI Kec. Banyuanyar | J30: Pengawas RA/MI | K30: 26480 | L30: =DATEDIF(K30,TODAY(),"Y") -> 52 | M30: 60 | N30: =TEXT(EDATE(K30,12*M30),"DD MMMM YYYY") -> 30 Juni 2032 | O30: Dusun Paleran RT. 11 RW. 03, Desa/Kel. Maron Wetan, Kec. Maron | P30: Maron | Q30: KHOLID MUSTOFA
A31: 27 | B31: 196805071997031003 | C31: LUKMANUL HAKIM, M.Pd | D31: L | E31: IV/a | G31: 45474 | H31: RA/MI | I31: Pengawas RA,MI Kec. Maron | J31: Pengawas MI | K31: 24965 | L31: =DATEDIF(K31,TODAY(),"Y") -> 56 | M31: 60 | N31: =TEXT(EDATE(K31,12*M31),"DD MMMM YYYY") -> 07 Mei 2028 | O31: Jl. Sunan Kudus No.42 RT. 02 RW. 07, Desa/Kel. Kraksaan Wetan, Kec. Kraksaan | P31: Kraksaan | Q31: LUKMANUL HAKIM
A32: 28 | B32: 197107172005011006 | C32: M. MUSHLIH, S.Pd.I | D32: L | E32: IV/a | G32: 44652 | H32: RA/MI | I32: Pengawas RA,MI Kec. Lumbang, Sukapura | J32: Pengawas RA/MI | K32: 26131 | L32: =DATEDIF(K32,TODAY(),"Y") -> 53 | M32: 60 | N32: =TEXT(EDATE(K32,12*M32),"DD MMMM YYYY") -> 17 Juli 2031 | O32: Jln. Kyai wangi Dusun Bindung RT. 01 RW. 03, Desa/Kel. Tunggak Cerme, Kec. Wonomerto | P32: Wonomerto | Q32: M. MUSHLIH
A33: 29 | B33: 196904082005011002 | C33: MANSUR, S.PdI, M.Pd | D33: L | E33: III/d | G33: 45474 | H33: RA/MI | I33: Pengawas RA,MI Kec. Pajarakan | J33: Pengawas MI | K33: 25301 | L33: =DATEDIF(K33,TODAY(),"Y") -> 55 | M33: 58 | N33: =TEXT(EDATE(K33,12*M33),"DD MMMM YYYY") -> 08 April 2027 | O33: Dusun Skanan RT. 03 RW. 02, Desa/Kel. Rondokuning, Kec. Kraksaan | P33: Kraksaan | Q33: MANSUR
A34: 30 | B34: 197302041995032001 | C34: MARIA ULFAH, S.Pd.I | D34: P | E34: IV/c | G34: 44193 | H34: RA/MI | I34: Penagawas RA,MI Kec. Sumberasih | J34: Pengawas RA/MI | K34: 26699 | L34: =DATEDIF(K34,TODAY(),"Y") -> 51 | M34: 60 | N34: =TEXT(EDATE(K34,12*M34),"DD MMMM YYYY") -> 04 Februari 2033 | O34: JL. RAWA TIRTA RT. 01 RW. 08, Desa/Kel. Sumberkedawung, Kec. Leces | P34: Leces | Q34: MARIA ULFAH
A35: 31 | B35: 196709071993031003 | C35: Drs. MOH. WAHID ILHAM | D35: L | E35: IV/a | G35: 45474 | H35: RA/MI | I35: Pengawas RA,MI Kec. Bantaran | J35: Pengawas RA/MI | K35: 24722 | L35: =DATEDIF(K35,TODAY(),"Y") -> 57 | M35: 60 | N35: =TEXT(EDATE(K35,12*M35),"DD MMMM YYYY") -> 07 September 2027 | O35: Jl.Indragiri Gg.1 RT. 01 RW. 04, Desa/Kel. Jrebeng Wetan, Kec. Kedopok | P35: Kedopok | Q35: MOH. WAHID ILHAM
... A62: 58 | B62: 197811172005011002 | C62: Drs. ZAINUL HASAN, M.Pd.I | D62: P | E62: IV/a | G62: 44986 | H62: RA/MI | I62: Pengawas RA,MI Kec. Pakuniran | J62: Pengawas MI | K62: 28811 | L62: =DATEDIF(K62,TODAY(),"Y") -> 46 | M62: 60 | N62: =TEXT(EDATE(K62,12*M62),"DD MMMM YYYY") -> 17 November 2038 | O62: KARANGANOM RT. 09 RW. 05, Desa/Kel. Karanganyar, Kec. Paiton | P62: Paiton | Q62: ZAINUL HASAN
Q63: x

Sheet Data Pengawas MTS-MA
C2: =A24&" Pengawas MTs/MA " -> 20 Pengawas MTs/MA | F2: DATA PENGAWAS MADRASAH KANKEMENAG KAB. PROBOLINGGO JENJANG MTS / MA
A4: No | B4: NIP | C4: NAMA | D4: L/P | E4: GOL | F4: TMT SP TERBARU | G4: JENJANG | H4: WILAYAH LAMA | I4: JENJANG SESUAI SK KEPENGAWAS AWAL | J4: TANGGAL LAHIR | K4: USIA | L4: DAMPAK ATURAN | M4: TANGGAL PANSIUN | N4: ALAMAT LENGKAP | O4: Kecamatan | P4: NAMA
A5: 1 | B5: 197503232005011005 | C5: ABD. GHANI, S.Ag | D5: L | E5: III/d | F5: 45469 | G5: MTs | H5: Pengawas MTs Kec. Besuk, Krejengan | I5: Pengawas MTs | J5: 27476 | K5: =DATEDIF(J5,TODAY(),"Y") -> 49 | L5: 60 | M5: =TEXT(EDATE(J5,12*L5),"DD MMMM YYYY") -> 23 Maret 2035 | N5: SUMBERAN BESUK RT. 07 RW. 03, Desa/Kel. Sumberan, Kec. Besuk | O5: Besuk | P5: ABD. GHANI
A6: 2 | B6: 196705022002121001 | C6: ABDUL AZIS, S.Ag, M.Pd | D6: L | E6: IV/b | F6: 45124 | G6: MTs | H6: Pengawas MTs Kec. Paiton | I6: Pengawas MI | J6: 24594 | K6: =DATEDIF(J6,TODAY(),"Y") -> 57 | L6: 60 | M6: =TEXT(EDATE(J6,12*L6),"DD MMMM YYYY") -> 02 Mei 2027 | N6: Dusun I Krajan RT. 04 RW. 10, Desa/Kel. Sambirampak Kidul, Kec. Kota Anyar | O6: Kotaanyar | P6: ABDUL AZIS
A7: 3 | B7: 198110132009012006 | C7: DWI HALIMA TUTRIYANTI, S.Pd | D7: P | E7: III/d | F7: 44868 | G7: MTs | H7: Pengawas MTs,MA Kec. Bantaran | I7: Pengawas MTs | J7: 29872 | K7: =DATEDIF(J7,TODAY(),"Y") -> 43 | L7: 60 | M7: =TEXT(EDATE(J7,12*L7),"DD MMMM YYYY") -> 13 Oktober 2041 | N7: Jl. BANTARAN GG. DAHLIA RT. 09 RW. 10, Desa/Kel. Sumberkedawung, Kec. Leces | O7: Leces | P7: DWI HALIMA TUTRIYANTI
A8: 4 | B8: 196906092005011001 | C8: HARIANTO, S.Pd | D8: L | E8: III/d | F8: 43174 | G8: MTs | H8: Pengawas MTs Kec. Kotaanyar, Pakuniran, Krucil | I8: Pengawas MTs | J8: 25363 | K8: =DATEDIF(J8,TODAY(),"Y") -> 55 | L8: 60 | M8: =TEXT(EDATE(J8,12*L8),"DD MMMM YYYY") -> 09 Juni 2029 | N8: DUSUN KRAJAN RT. 12 RW. 06, Desa/Kel. Triwungan, Kec. Kota Anyar | O8: Kotaanyar | P8: HARIANTO
A9: 5 | B9: 197602162005011005 | C9: HERU KISWANTO, S.Pd | D9: L | E9: III/d | F9: 45474 | G9: MTs/MA | H9: Pengawas MTs, MA Kec. Tiris | I9: Pengawas MTs | J9: 27806 | K9: =DATEDIF(J9,TODAY(),"Y") -> 48 | L9: 60 | M9: =TEXT(EDATE(J9,12*L9),"DD MMMM YYYY") -> 16 Februari 2036 | N9: GANG KRAMAT RT. 06 RW. 02, Desa/Kel. Condong, Kec. Gading | O9: Gading | P9: HERU KISWANTO
A10: 6 | B10: 198208182005011004 | C10: HUSNAN ABRORI, S.Pd | D10: L | E10: III/d | F10: 45124 | G10: MTS/MA | H10: Pengawas MA Kec. Kotaanyar, Pakuniran, Paiton | I10: Pengawas MTs | J10: 30181 | K10: =DATEDIF(J10,TODAY(),"Y") -> 42 | L10: 60 | M10: =TEXT(EDATE(J10,12*L10),"DD MMMM YYYY") -> 18 Agustus 2042 | N10: DUSUN KRAJAN RT. 012 RW. 04, Desa/Kel. Sidomulyo, Kec. Kota Anyar | O10: Kotaanyar | P10: HUSNAN ABRORI
A11: 7 | B11: 197604222003122003 | C11: ISMAWATI, S.Pd,M.Pd | D11: P | E11: IV/a | F11: 45071 | G11: MTs/MA | H11: Pengawas MTs,MA Kec. Leces, Dringu | I11: Pengawas MTs | J11: 27872 | K11: =DATEDIF(J11,TODAY(),"Y") -> 48 | L11: 60 | M11: =TEXT(EDATE(J11,12*L11),"DD MMMM YYYY") -> 22 April 2036 | N11: Jl. Taman Bougenvil II No 7 RT. 06 RW. 07, Desa/Kel. Sumbertaman, Kec. Wonoasih | O11: Wonoasih | P11: ISMAWATI
A12: 8 | B12: 196604082000031001 | C12: MUSYAFI', S.Ag, SH, M.Pd | D12: L | E12: IV/b | F12: 40603 | G12: MA | H12: Pengawas MA Kec. Bantaran,Tegalsiwalan,Wonomerto | I12: Pengawas MTs/MA | J12: 24205 | K12: =DATEDIF(J12,TODAY(),"Y") -> 58 | L12: 60 | M12: =TEXT(EDATE(J12,12*L12),"DD MMMM YYYY") -> 08 April 2026 | N12: Dusun Grintingan RT. 019 RW. 03, Desa/Kel. Blado Kulon, Kec. Tegal Siwalan | O12: Tegalsiwalan | P12: MUSYAFI'
A13: 9 | B13: 197803172005012002 | C13: NETY MERY YASMIN, S.Pd,M.Pd | D13: P | E13: IV/a | F13: 45071 | G13: MTs/MA | H13: Pengawas MTs,MA Kec. Krejengan | I13: Pengawas MTs | J13: 28566 | K13: =DATEDIF(J13,TODAY(),"Y") -> 46 | L13: 60 | M13: =TEXT(EDATE(J13,12*L13),"DD MMMM YYYY") -> 17 Maret 2038 | N13: Jl. DR. SALEH RT. 1 RW. 3, Desa/Kel. Sumberlele, Kec. Kraksaan | O13: Kraksaan | P13: NETY MERY YASMIN
A14: 10 | B14: 196906262005012001 | C14: Dra. NUR SYAMSIAH ROHWENI | D14: P | E14: IV/b | F14: 44986 | G14: MTs | H14: Pengawas MTs, MA Kec. Tegalsiwalan, Banyuanyar | I14: Pengawas MTs | J14: 25380 | K14: =DATEDIF(J14,TODAY(),"Y") -> 55 | L14: 60 | M14: =TEXT(EDATE(J14,12*L14),"DD MMMM YYYY") -> 26 Juni 2029 | N14: Perum Melati Indah No 21 RT. 9 RW. 1, Desa/Kel. Sumberkedawung, Kec. Leces | O14: Leces | P14: NUR SYAMSIAH ROHWENI
A15: 11 | B15: 197105062005012004 | C15: NURHOIRIYAH, M.Pd.I | D15: P | E15: IV/b | F15: 45078 | G15: MTs/MA | H15: Pengawas MTs,MA Kec. Wonomerto, Bantaran | I15: Pengawas MTs/MA | J15: 26059 | K15: =DATEDIF(J15,TODAY(),"Y") -> 53 | L15: 60 | M15: =TEXT(EDATE(J15,12*L15),"DD MMMM YYYY") -> 06 Mei 2031 | N15: Dusun Asem Lurus RT. 005 RW. 20, Desa/Kel. Muneng, Kec. Sumber Asih | O15: Sumberasih | P15: NURHOIRIYAH
A16: 12 | B16: 197808042005011002 | C16: R. ACH. CHOIRUL FATAH, S.Pd | D16: L | E16: III/d | F16: 44470 | G16: MTs/MA | H16: Pengawas MTs,MA Kec. Gending,Sumberasih, Tongas, Kuripan, Lumbang | I16: Pengawas MTs | J16: 28706 | K16: =DATEDIF(J16,TODAY(),"Y") -> 46 | L16: 60 | M16: =TEXT(EDATE(J16,12*L16),"DD MMMM YYYY") -> 04 Agustus 2038 | N16: Jl. KH Hasan Bisri gang 1 No. 11 RT. 07 RW. 01, Desa/Kel. Sumbertaman, Kec. Wonoasih | O16: Wonoasih | P16: R. ACH. CHOIRUL FATAH
... A24: 20 | B24: 197309042005011001 | C24: SUPARMAN , S.Pd.I,M.Pd.I | D24: L | E24: III/d | F24: 45124 | G24: MTs | H24: Pengawas MTs,MA Kec. Tongas,Lumbang,Sumberasih | I24: Pengawas MTs | J24: 26911 | K24: =DATEDIF(J24,TODAY(),"Y") -> 51 | L24: 60 | M24: =TEXT(EDATE(J24,12*L24),"DD MMMM YYYY") -> 04 September 2033 | N24: JL TENGGER DUSUN PACAR RT. 07 RW. 02, Desa/Kel. Jangur, Kec. Sumber Asih | O24: Sumberasih | P24: SUPARMAN
P25: X

Sheet PETA-PENGAWAS
B1: TOTAL LEMBAGA | C1: JUMLAH PENGAWAS | H1: Memiliki jumlah minimal binaan sesuai ketentuan (salah satu harus memenuhi) Sebagaimana dalam Simpatika/Emis 4.0 | L1: JUMLAH PENGAWAS
B2: RA/MI/MTS/MA | C2: RA | G2: =COUNTIF('Data Pengawas Madrasah'!$G$5:$G$82,'PETA-PENGAWAS'!C2) -> 0 | H2: Bagi Pengawas RA/MI : | J2: 10 satuan pendidikan RA/MI | L2: MTs | O2: =COUNTIF('Data Pengawas Madrasah'!$G$5:$G$82,'PETA-PENGAWAS'!L2) -> 9 | P2: =SUM(O2:O4) -> 20
B3: =SUM(C34,E34,L34,N34) -> 1189 | C3: MI | G3: =COUNTIF('Data Pengawas Madrasah'!$G$5:$G$82,'PETA-PENGAWAS'!C3) -> 0 | J3: dan atau 60 guru RA/MI | L3: MTs/MA | O3: =COUNTIF('Data Pengawas Madrasah'!$G$5:$G$82,'PETA-PENGAWAS'!L3) -> 7
C4: RA/MI | G4: =COUNTIF('Data Pengawas Madrasah'!$G$5:$G$82,'PETA-PENGAWAS'!C4) -> 58 | H4: Bagi Pengawas MTs/MA : | J4: 7 satuan pendidikan MTs/MA/MAK | L4: MA | O4: =COUNTIF('Data Pengawas Madrasah'!$G$5:$G$82,'PETA-PENGAWAS'!L4) -> 4
J5: dan atau 40 guru MTs/MA/MAK
B6: KECAMATAN/KKM | C6: JUMLAH | H6: QUATA | I6: TAMBAHAN | K6: KECAMATAN | L6: JUMLAH | P6: QUATA | Q6: TAMBAHAN
C7: RA | D7: QUATA PENGAWAS | E7: MI | F7: QUATA PENGAWAS | G7: RA/MI | H7: PENGAWAS | I7: LEMBAGA | L7: MTs | M7: QUATA PENGAWAS | N7: MA | O7: MTs/MA | P7: PENGAWAS | Q7: LEMBAGA
B8: SUMBER | C8: =COUNTIF('RA DATA'!$J$3:$J$421,'PETA-PENGAWAS'!B8) -> 1 | E8: =COUNTIF('MI DATA'!$I$3:$I$417,'PETA-PENGAWAS'!B8) -> 0 | G8: =SUM(C8,E8) -> 1 | H8: 1 | K8: SUMBER | L8: =COUNTIF('MTs DATA'!$I$3:$I$224,'PETA-PENGAWAS'!K8) -> 0 | N8: =COUNTIF('MA DATA'!$I$3:$I$136,'PETA-PENGAWAS'!K8) -> 0 | O8: =SUM(L8:N8) -> 0 | P8: 1
B9: SUKAPURA | C9: =COUNTIF('RA DATA'!$J$3:$J$421,'PETA-PENGAWAS'!B9) -> 2 | E9: =COUNTIF('MI DATA'!$I$3:$I$417,'PETA-PENGAWAS'!B9) -> 0 | G9: =SUM(C9,E9) -> 2 | K9: SUKAPURA | L9: =COUNTIF('MTs DATA'!$I$3:$I$224,'PETA-PENGAWAS'!K9) -> 0 | N9: =COUNTIF('MA DATA'!$I$3:$I$136,'PETA-PENGAWAS'!K9) -> 0 | O9: =SUM(L9:N9) -> 0
B10: LUMBANG | C10: =COUNTIF('RA DATA'!$J$3:$J$421,'PETA-PENGAWAS'!B10) -> 7 | E10: =COUNTIF('MI DATA'!$I$3:$I$417,'PETA-PENGAWAS'!B10) -> 6 | G10: =SUM(C10,E10) -> 13 | K10: LUMBANG | L10: =COUNTIF('MTs DATA'!$I$3:$I$224,'PETA-PENGAWAS'!K10) -> 4 | N10: =COUNTIF('MA DATA'!$I$3:$I$136,'PETA-PENGAWAS'!K10) -> 3 | O10: =SUM(L10:N10) -> 7
B11: TONGAS | C11: =COUNTIF('RA DATA'!$J$3:$J$421,'PETA-PENGAWAS'!B11) -> 22 | E11: =COUNTIF('MI DATA'!$I$3:$I$417,'PETA-PENGAWAS'!B11) -> 12 | G11: =SUM(C11,E11) -> 34 | H11: 2 | K11: TONGAS | L11: =COUNTIF('MTs DATA'!$I$3:$I$224,'PETA-PENGAWAS'!K11) -> 4 | N11: =COUNTIF('MA DATA'!$I$3:$I$136,'PETA-PENGAWAS'!K11) -> 2 | O11: =SUM(L11:N11) -> 6
B12: WONOMERTO | C12: =COUNTIF('RA DATA'!$J$3:$J$421,'PETA-PENGAWAS'!B12) -> 7 | E12: =COUNTIF('MI DATA'!$I$3:$I$417,'PETA-PENGAWAS'!B12) -> 11 | G12: =SUM(C12,E12) -> 18 | H12: 1 | K12: WONOMERTO | L12: =COUNTIF('MTs DATA'!$I$3:$I$224,'PETA-PENGAWAS'!K12) -> 6 | N12: =COUNTIF('MA DATA'!$I$3:$I$136,'PETA-PENGAWAS'!K12) -> 2 | O12: =SUM(L12:N12) -> 8 | P12: 1
B13: KURIPAN | C13: =COUNTIF('RA DATA'!$J$3:$J$421,'PETA-PENGAWAS'!B13) -> 6 | E13: =COUNTIF('MI DATA'!$I$3:$I$417,'PETA-PENGAWAS'!B13) -> 9 | G13: =SUM(C13,E13) -> 15 | H13: 1 | K13: KURIPAN | L13: =COUNTIF('MTs DATA'!$I$3:$I$224,'PETA-PENGAWAS'!K13) -> 4 | N13: =COUNTIF('MA DATA'!$I$3:$I$136,'PETA-PENGAWAS'!K13) -> 1 | O13: =SUM(L13:N13) -> 5
B14: BANTARAN | C14: =COUNTIF('RA DATA'!$J$3:$J$421,'PETA-PENGAWAS'!B14) -> 13 | E14: =COUNTIF('MI DATA'!$I$3:$I$417,'PETA-PENGAWAS'!B14) -> 18 | G14: =SUM(C14,E14) -> 31 | H14: 2 | K14: BANTARAN | L14: =COUNTIF('MTs DATA'!$I$3:$I$224,'PETA-PENGAWAS'!K14) -> 13 | N14: =COUNTIF('MA DATA'!$I$3:$I$136,'PETA-PENGAWAS'!K14) -> 7 | O14: =SUM(L14:N14) -> 20 | P14: 1
B15: SUMBERASIH | C15: =COUNTIF('RA DATA'!$J$3:$J$421,'PETA-PENGAWAS'!B15) -> 16 | E15: =COUNTIF('MI DATA'!$I$3:$I$417,'PETA-PENGAWAS'!B15) -> 8 | G15: =SUM(C15,E15) -> 24 | H15: 1 | K15: SUMBERASIH | L15: =COUNTIF('MTs DATA'!$I$3:$I$224,'PETA-PENGAWAS'!K15) -> 8 | N15: =COUNTIF('MA DATA'!$I$3:$I$136,'PETA-PENGAWAS'!K15) -> 4 | O15: =SUM(L15:N15) -> 12 | P15: 1
B16: GENDING | C16: =COUNTIF('RA DATA'!$J$3:$J$421,'PETA-PENGAWAS'!B16) -> 15 | E16: =COUNTIF('MI DATA'!$I$3:$I$417,'PETA-PENGAWAS'!B16) -> 12 | G16: =SUM(C16,E16) -> 27 | H16: 2 | K16: GENDING | L16: =COUNTIF('MTs DATA'!$I$3:$I$224,'PETA-PENGAWAS'!K16) -> 12 | N16: =COUNTIF('MA DATA'!$I$3:$I$136,'PETA-PENGAWAS'!K16) -> 7 | O16: =SUM(L16:N16) -> 19 | P16: 2
B17: DRINGU | C17: =COUNTIF('RA DATA'!$J$3:$J$421,'PETA-PENGAWAS'!B17) -> 2 | E17: =COUNTIF('MI DATA'!$I$3:$I$417,'PETA-PENGAWAS'!B17) -> 4 | G17: =SUM(C17,E17) -> 6 | H17: 1 | I17: Dari Gending | K17: DRINGU | L17: =COUNTIF('MTs DATA'!$I$3:$I$224,'PETA-PENGAWAS'!K17) -> 4 | N17: =COUNTIF('MA DATA'!$I$3:$I$136,'PETA-PENGAWAS'!K17) -> 2 | O17: =SUM(L17:N17) -> 6 | P17: 1
B18: LECES | C18: =COUNTIF('RA DATA'!$J$3:$J$421,'PETA-PENGAWAS'!B18) -> 19 | E18: =COUNTIF('MI DATA'!$I$3:$I$417,'PETA-PENGAWAS'!B18) -> 17 | G18: =SUM(C18,E18) -> 36 | H18: 3 | K18: LECES | L18: =COUNTIF('MTs DATA'!$I$3:$I$224,'PETA-PENGAWAS'!K18) -> 14 | N18: =COUNTIF('MA DATA'!$I$3:$I$136,'PETA-PENGAWAS'!K18) -> 7 | O18: =SUM(L18:N18) -> 21 | P18: 2
B19: TEGALSIWALAN | C19: =COUNTIF('RA DATA'!$J$3:$J$421,'PETA-PENGAWAS'!B19) -> 11 | E19: =COUNTIF('MI DATA'!$I$3:$I$417,'PETA-PENGAWAS'!B19) -> 13 | G19: =SUM(C19,E19) -> 24 | H19: 2 | K19: TEGALSIWALAN | L19: =COUNTIF('MTs DATA'!$I$3:$I$224,'PETA-PENGAWAS'!K19) -> 9 | N19: =COUNTIF('MA DATA'!$I$3:$I$136,'PETA-PENGAWAS'!K19) -> 6 | O19: =SUM(L19:N19) -> 15 | P19: 1
B20: BANYUANYAR | C20: =COUNTIF('RA DATA'!$J$3:$J$421,'PETA-PENGAWAS'!B20) -> 31 | E20: =COUNTIF('MI DATA'!$I$3:$I$417,'PETA-PENGAWAS'!B20) -> 29 | G20: =SUM(C20,E20) -> 60 | H20: 4 | K20: BANYUANYAR | L20: =COUNTIF('MTs DATA'!$I$3:$I$224,'PETA-PENGAWAS'!K20) -> 11 | N20: =COUNTIF('MA DATA'!$I$3:$I$136,'PETA-PENGAWAS'!K20) -> 8 | O20: =SUM(L20:N20) -> 19 | P20: 2
B21: MARON | C21: =COUNTIF('RA DATA'!$J$3:$J$421,'PETA-PENGAWAS'!B21) -> 27 | E21: =COUNTIF('MI DATA'!$I$3:$I$417,'PETA-PENGAWAS'!B21) -> 25 | G21: =SUM(C21,E21) -> 52 | H21: 4 | K21: MARON | L21: =COUNTIF('MTs DATA'!$I$3:$I$224,'PETA-PENGAWAS'!K21) -> 13 | N21: =COUNTIF('MA DATA'!$I$3:$I$136,'PETA-PENGAWAS'!K21) -> 8 | O21: =SUM(L21:N21) -> 21 | P21: 2
B22: GADING | C22: =COUNTIF('RA DATA'!$J$3:$J$421,'PETA-PENGAWAS'!B22) -> 34 | E22: =COUNTIF('MI DATA'!$I$3:$I$417,'PETA-PENGAWAS'!B22) -> 34 | G22: =SUM(C22,E22) -> 68 | H22: 4 | K22: GADING | L22: =COUNTIF('MTs DATA'!$I$3:$I$224,'PETA-PENGAWAS'!K22) -> 15 | N22: =COUNTIF('MA DATA'!$I$3:$I$136,'PETA-PENGAWAS'!K22) -> 7 | O22: =SUM(L22:N22) -> 22 | P22: 1
B23: TIRIS | C23: =COUNTIF('RA DATA'!$J$3:$J$421,'PETA-PENGAWAS'!B23) -> 0 | E23: =COUNTIF('MI DATA'!$I$3:$I$417,'PETA-PENGAWAS'!B23) -> 0 | G23: =SUM(C23,E23) -> 0 | K23: TIRIS | L23: =COUNTIF('MTs DATA'!$I$3:$I$224,'PETA-PENGAWAS'!K23) -> 17 | N23: =COUNTIF('MA DATA'!$I$3:$I$136,'PETA-PENGAWAS'!K23) -> 9 | O23: =SUM(L23:N23) -> 26 | P23: 1
B24: TIRIS BARAT | C24: =COUNTIF('RA DATA'!$J$3:$J$421,'PETA-PENGAWAS'!B24) -> 24 | E24: =COUNTIF('MI DATA'!$I$3:$I$417,'PETA-PENGAWAS'!B24) -> 26 | G24: =SUM(C24,E24) -> 50 | H24: 3 | K24: TIRIS BARAT | L24: =COUNTIF('MTs DATA'!$I$3:$I$224,'PETA-PENGAWAS'!K24) -> 0 | N24: =COUNTIF('MA DATA'!$I$3:$I$136,'PETA-PENGAWAS'!K24) -> 0 | O24: =SUM(L24:N24) -> 0
B25: TIRIS TIMUR | C25: =COUNTIF('RA DATA'!$J$3:$J$421,'PETA-PENGAWAS'!B25) -> 16 | E25: =COUNTIF('MI DATA'!$I$3:$I$417,'PETA-PENGAWAS'!B25) -> 25 | G25: =SUM(C25,E25) -> 41 | H25: 3 | K25: TIRIS TIMUR | L25: =COUNTIF('MTs DATA'!$I$3:$I$224,'PETA-PENGAWAS'!K25) -> 0 | N25: =COUNTIF('MA DATA'!$I$3:$I$136,'PETA-PENGAWAS'!K25) -> 0 | O25: =SUM(L25:N25) -> 0
B26: KRUCIL | C26: =COUNTIF('RA DATA'!$J$3:$J$421,'PETA-PENGAWAS'!B26) -> 35 | E26: =COUNTIF('MI DATA'!$I$3:$I$417,'PETA-PENGAWAS'!B26) -> 35 | G26: =SUM(C26,E26) -> 70 | H26: 4 | K26: KRUCIL | L26: =COUNTIF('MTs DATA'!$I$3:$I$224,'PETA-PENGAWAS'!K26) -> 17 | N26: =COUNTIF('MA DATA'!$I$3:$I$136,'PETA-PENGAWAS'!K26) -> 10 | O26: =SUM(L26:N26) -> 27 | P26: 1
B27: PAJARAKAN | C27: =COUNTIF('RA DATA'!$J$3:$J$421,'PETA-PENGAWAS'!B27) -> 9 | E27: =COUNTIF('MI DATA'!$I$3:$I$417,'PETA-PENGAWAS'!B27) -> 10 | G27: =SUM(C27,E27) -> 19 | H27: 1 | K27: PAJARAKAN | L27: =COUNTIF('MTs DATA'!$I$3:$I$224,'PETA-PENGAWAS'!K27) -> 6 | N27: =COUNTIF('MA DATA'!$I$3:$I$136,'PETA-PENGAWAS'!K27) -> 6 | O27: =SUM(L27:N27) -> 12 | P27: 1
B28: KREJENGAN | C28: =COUNTIF('RA DATA'!$J$3:$J$421,'PETA-PENGAWAS'!B28) -> 27 | E28: =COUNTIF('MI DATA'!$I$3:$I$417,'PETA-PENGAWAS'!B28) -> 26 | G28: =SUM(C28,E28) -> 53 | H28: 4 | K28: KREJENGAN | L28: =COUNTIF('MTs DATA'!$I$3:$I$224,'PETA-PENGAWAS'!K28) -> 12 | N28: =COUNTIF('MA DATA'!$I$3:$I$136,'PETA-PENGAWAS'!K28) -> 10 | O28: =SUM(L28:N28) -> 22 | P28: 1
B29: KRAKSAAN | C29: =COUNTIF('RA DATA'!$J$3:$J$421,'PETA-PENGAWAS'!B29) -> 20 | E29: =COUNTIF('MI DATA'!$I$3:$I$417,'PETA-PENGAWAS'!B29) -> 17 | G29: =SUM(C29,E29) -> 37 | H29: 3 | K29: KRAKSAAN | L29: =COUNTIF('MTs DATA'!$I$3:$I$224,'PETA-PENGAWAS'!K29) -> 14 | N29: =COUNTIF('MA DATA'!$I$3:$I$136,'PETA-PENGAWAS'!K29) -> 11 | O29: =SUM(L29:N29) -> 25 | P29: 2
B30: BESUK | C30: =COUNTIF('RA DATA'!$J$3:$J$421,'PETA-PENGAWAS'!B30) -> 16 | E30: =COUNTIF('MI DATA'!$I$3:$I$417,'PETA-PENGAWAS'!B30) -> 16 | G30: =SUM(C30,E30) -> 32 | H30: 3 | K30: BESUK | L30: =COUNTIF('MTs DATA'!$I$3:$I$224,'PETA-PENGAWAS'!K30) -> 4 | N30: =COUNTIF('MA DATA'!$I$3:$I$136,'PETA-PENGAWAS'!K30) -> 3 | O30: =SUM(L30:N30) -> 7 | P30: 1
B31: KOTAANYAR | C31: =COUNTIF('RA DATA'!$J$3:$J$421,'PETA-PENGAWAS'!B31) -> 15 | E31: =COUNTIF('MI DATA'!$I$3:$I$417,'PETA-PENGAWAS'!B31) -> 14 | G31: =SUM(C31,E31) -> 29 | H31: 2 | K31: KOTAANYAR | L31: =COUNTIF('MTs DATA'!$I$3:$I$224,'PETA-PENGAWAS'!K31) -> 6 | N31: =COUNTIF('MA DATA'!$I$3:$I$136,'PETA-PENGAWAS'!K31) -> 4 | O31: =SUM(L31:N31) -> 10 | P31: 1
B32: PAKUNIRAN | C32: =COUNTIF('RA DATA'!$J$3:$J$421,'PETA-PENGAWAS'!B32) -> 25 | E32: =COUNTIF('MI DATA'!$I$3:$I$417,'PETA-PENGAWAS'!B32) -> 25 | G32: =SUM(C32,E32) -> 50 | H32: 4 | K32: PAKUNIRAN | L32: =COUNTIF('MTs DATA'!$I$3:$I$224,'PETA-PENGAWAS'!K32) -> 12 | N32: =COUNTIF('MA DATA'!$I$3:$I$136,'PETA-PENGAWAS'!K32) -> 5 | O32: =SUM(L32:N32) -> 17
B33: PAITON | C33: =COUNTIF('RA DATA'!$J$3:$J$421,'PETA-PENGAWAS'!B33) -> 19 | E33: =COUNTIF('MI DATA'!$I$3:$I$417,'PETA-PENGAWAS'!B33) -> 23 | G33: =SUM(C33,E33) -> 42 | H33: 4 | K33: PAITON | L33: =COUNTIF('MTs DATA'!$I$3:$I$224,'PETA-PENGAWAS'!K33) -> 17 | N33: =COUNTIF('MA DATA'!$I$3:$I$136,'PETA-PENGAWAS'!K33) -> 11 | O33: =SUM(L33:N33) -> 28 | P33: 1
C34: =SUM($C$8:$C$33) -> 419 | D34: =SUM(D8:D33) -> 0 | E34: =SUM($E$8:$E$33) -> 415 | F34: =SUM(F8:F33) -> 0 | G34: =SUM($G$8:$G$33) -> 834 | H34: =SUM(H8:H33) -> 59 | I34: =SUM(I8:I33) -> 0 | L34: =SUM($L$8:$L$33) -> 222 | M34: =SUM(M8:M33) -> 0 | N34: =SUM($N$8:$N$33) -> 133 | O34: =SUM($O$8:$O$33) -> 355 | P34: =SUM(P8:P33) -> 24

Sheet PETA_WAS_RA-MI
B1: DESKRIPSI PEMBAGIAN KUOTA PENGAWAS DAN WILAYAH BINAAN 2025 | K1: PEMBAGIAN KUOTA PENGAWAS RA-MI DAN WILAYAH BINAAN 2025
B2: JUMLAH PENGAWAS RA/MI | G2: ='PETA-PENGAWAS'!G4 -> 58
B4: KECAMATAN/KKM | C4: JUMLAH | H4: QUOTA PENGAWAS | I4: LEMBAGA TAMBAHAN | J4: NO | K4: NAMA PENGAWAS | L4: JENIS KELAMIN | M4: TMT PENSIUN | N4: WILAYAH LAMA | O4: TMT SP WILAYAH LAMA | P4: WILAYAH BARU | Q4: ALAMAT RUMAH
C5: RA | D5: QUATA PENGAWAS | E5: MI | F5: QUATA PENGAWAS | G5: RA/MI
B6: SUMBER | C6: =COUNTIF('RA DATA'!$J$3:$J$421,'PETA_WAS_RA-MI'!B6) -> 1 | E6: =COUNTIF('MI DATA'!$I$3:$I$417,'PETA_WAS_RA-MI'!B6) -> 0 | G6: =SUM(C6,E6) -> 1 | H6: ='PETA-PENGAWAS'!H8 -> 1 | I6: Wonomerto | J6: =IF(K6="","",1) -> 1 | K6: M. MUSHLIH | L6: =IFERROR(IF(K6="","",VLOOKUP(K6,CHOOSE({1,2},'Data Pengawas RA-MI'!$Q$5:$Q$62,'Data Pengawas RA-MI'!$D$5:$D$62),2,0)),"") -> L | M6: =IF(K6="","",VLOOKUP(K6,CHOOSE({1,2},'Data Pengawas RA-MI'!$Q$5:$Q$62,'Data Pengawas RA-MI'!$N$5:$N$62),2,0)) -> 17 Juli 2031 | N6: =IF(K6="","",VLOOKUP(K6,CHOOSE({1,2},'Data Pengawas RA-MI'!$Q$5:$Q$62,'Data Pengawas RA-MI'!$I$5:$I$62),2,0)) -> Pengawas RA,MI Kec. Lumbang, Sukapura | O6: =TEXT(IF(K6="","",VLOOKUP(K6,CHOOSE({1,2},'Data Pengawas RA-MI'!$Q$5:$Q$62,'Data Pengawas RA-MI'!$G$5:$G$62),2,0)),"DD MMMM YYYY") -> 01 April 2022 | P6: =IF(K6="","",W6) -> Pengawas RA,MI Sumber, Sukapura dan Lumbang | Q6: =IF(K6="","",VLOOKUP(K6,CHOOSE({1,2},'Data Pengawas RA-MI'!$Q$5:$Q$62,'Data Pengawas RA-MI'!$P$5:$P$62),2,0)) -> Wonomerto | U6: Sumber, Sukapura dan Lumbang | W6: ="Pengawas RA,MI "&U6 -> Pengawas RA,MI Sumber, Sukapura dan Lumbang
B7: SUKAPURA | C7: =COUNTIF('RA DATA'!$J$3:$J$421,'PETA_WAS_RA-MI'!B7) -> 2 | E7: =COUNTIF('MI DATA'!$I$3:$I$417,'PETA_WAS_RA-MI'!B7) -> 0 | G7: =SUM(C7,E7) -> 2
B8: LUMBANG | C8: =COUNTIF('RA DATA'!$J$3:$J$421,'PETA_WAS_RA-MI'!B8) -> 7 | E8: =COUNTIF('MI DATA'!$I$3:$I$417,'PETA_WAS_RA-MI'!B8) -> 6 | G8: =SUM(C8,E8) -> 13
B9: WONOMERTO | C9: =COUNTIF('RA DATA'!$J$3:$J$421,'PETA_WAS_RA-MI'!B9) -> 7 | E9: =COUNTIF('MI DATA'!$I$3:$I$417,'PETA_WAS_RA-MI'!B9) -> 11 | G9: =SUM(C9,E9) -> 18 | H9: ='PETA-PENGAWAS'!H12 -> 1 | J9: =IF(K9="","",J11+1) -> 4 | K9: SUBIHASTUTIK | L9: =IFERROR(IF(K9="","",VLOOKUP(K9,CHOOSE({1,2},'Data Pengawas RA-MI'!$Q$5:$Q$62,'Data Pengawas RA-MI'!$D$5:$D$62),2,0)),"") -> P | M9: =IFERROR(IF(K9="","",VLOOKUP(K9,CHOOSE({1,2},'Data Pengawas RA-MI'!$Q$5:$Q$62,'Data Pengawas RA-MI'!$N$5:$N$62),2,0)),"") -> 10 Maret 2030 | N9: =IFERROR(IF(K9="","",VLOOKUP(K9,CHOOSE({1,2},'Data Pengawas RA-MI'!$Q$5:$Q$62,'Data Pengawas RA-MI'!$I$5:$I$62),2,0)),"") -> Pengawas RA,MI Kec. Onomerto | O9: =IFERROR(TEXT(IF(K9="","",VLOOKUP(K9,CHOOSE({1,2},'Data Pengawas RA-MI'!$Q$5:$Q$62,'Data Pengawas RA-MI'!$G$5:$G$62),2,0)),"DD MMMM YYYY"),"") -> 01 Juli 2024 | P9: =IFERROR(IF(K9="x","",W9),"") -> Pengawas RA,MI Kec. Wonomerto | Q9: =IFERROR(IF(K9="","",VLOOKUP(K9,CHOOSE({1,2},'Data Pengawas RA-MI'!$Q$5:$Q$62,'Data Pengawas RA-MI'!$P$5:$P$62),2,0)),"") -> Kanigaran | U9: Wonomerto | W9: ="Pengawas RA,MI Kec. "&U9 -> Pengawas RA,MI Kec. Wonomerto
B10: TONGAS | C10: =COUNTIF('RA DATA'!$J$3:$J$421,'PETA_WAS_RA-MI'!B10) -> 22 | E10: =COUNTIF('MI DATA'!$I$3:$I$417,'PETA_WAS_RA-MI'!B10) -> 12 | G10: =SUM(C10,E10) -> 34 | H10: ='PETA-PENGAWAS'!H11 -> 2 | J10: =IF(K10="","",2) -> 2 | K10: SITI FARIDA | L10: =IFERROR(IF(K10="","",VLOOKUP(K10,CHOOSE({1,2},'Data Pengawas RA-MI'!$Q$5:$Q$62,'Data Pengawas RA-MI'!$D$5:$D$62),2,0)),"") -> P | M10: =IFERROR(IF(K10="","",VLOOKUP(K10,CHOOSE({1,2},'Data Pengawas RA-MI'!$Q$5:$Q$62,'Data Pengawas RA-MI'!$N$5:$N$62),2,0)),"") -> 25 Juni 2034 | N10: =IFERROR(IF(K10="","",VLOOKUP(K10,CHOOSE({1,2},'Data Pengawas RA-MI'!$Q$5:$Q$62,'Data Pengawas RA-MI'!$I$5:$I$62),2,0)),"") -> Pengawas RA,MI Kec. Tongas | O10: =IFERROR(TEXT(IF(K10="","",VLOOKUP(K10,CHOOSE({1,2},'Data Pengawas RA-MI'!$Q$5:$Q$62,'Data Pengawas RA-MI'!$G$5:$G$62),2,0)),"DD MMMM YYYY"),"") -> 03 November 2022 | P10: =IFERROR(IF(K10="x","",W10),"") -> Pengawas RA,MI Kec. Tongas | Q10: =IFERROR(IF(K10="","",VLOOKUP(K10,CHOOSE({1,2},'Data Pengawas RA-MI'!$Q$5:$Q$62,'Data Pengawas RA-MI'!$P$5:$P$62),2,0)),"") -> Kademangan | U10: Tongas | W10: ="Pengawas RA,MI Kec. "&U10 -> Pengawas RA,MI Kec. Tongas
J11: =IF(K11="","",J10+1) -> 3 | K11: YULIYATI | L11: =IFERROR(IF(K11="","",VLOOKUP(K11,CHOOSE({1,2},'Data Pengawas RA-MI'!$Q$5:$Q$62,'Data Pengawas RA-MI'!$D$5:$D$62),2,0)),"") -> P | M11: =IFERROR(IF(K11="","",VLOOKUP(K11,CHOOSE({1,2},'Data Pengawas RA-MI'!$Q$5:$Q$62,'Data Pengawas RA-MI'!$N$5:$N$62),2,0)),"") -> 12 Juni 2029 | N11: =IFERROR(IF(K11="","",VLOOKUP(K11,CHOOSE({1,2},'Data Pengawas RA-MI'!$Q$5:$Q$62,'Data Pengawas RA-MI'!$I$5:$I$62),2,0)),"") -> Pengawas RA,MI Kec. Tongas | O11: =IFERROR(TEXT(IF(K11="","",VLOOKUP(K11,CHOOSE({1,2},'Data Pengawas RA-MI'!$Q$5:$Q$62,'Data Pengawas RA-MI'!$G$5:$G$62),2,0)),"DD MMMM YYYY"),"") -> 01 Januari 2021 | P11: =IFERROR(IF(K11="x","",W11),"") -> Pengawas RA,MI Kec. Tongas | Q11: =IFERROR(IF(K11="","",VLOOKUP(K11,CHOOSE({1,2},'Data Pengawas RA-MI'!$Q$5:$Q$62,'Data Pengawas RA-MI'!$P$5:$P$62),2,0)),"") -> Sumberasih | U11: Tongas | W11: ="Pengawas RA,MI Kec. "&U11 -> Pengawas RA,MI Kec. Tongas
B12: KURIPAN | C12: =COUNTIF('RA DATA'!$J$3:$J$421,'PETA_WAS_RA-MI'!B12) -> 6 | E12: =COUNTIF('MI DATA'!$I$3:$I$417,'PETA_WAS_RA-MI'!B12) -> 9 | G12: =SUM(C12,E12) -> 15 | H12: ='PETA-PENGAWAS'!H13 -> 1 | J12: =IF(K12="","",J11+1) -> 4 | K12: SAIFUL ULUM | L12: =IFERROR(IF(K12="","",VLOOKUP(K12,CHOOSE({1,2},'Data Pengawas RA-MI'!$Q$5:$Q$62,'Data Pengawas RA-MI'!$D$5:$D$62),2,0)),"") -> L | M12: =IFERROR(IF(K12="","",VLOOKUP(K12,CHOOSE({1,2},'Data Pengawas RA-MI'!$Q$5:$Q$62,'Data Pengawas RA-MI'!$N$5:$N$62),2,0)),"") -> 09 November 2032 | N12: =IFERROR(IF(K12="","",VLOOKUP(K12,CHOOSE({1,2},'Data Pengawas RA-MI'!$Q$5:$Q$62,'Data Pengawas RA-MI'!$I$5:$I$62),2,0)),"") -> Pengawas RA,MI Kec. Tegalsiwalan, kuripan | O12: =IFERROR(TEXT(IF(K12="","",VLOOKUP(K12,CHOOSE({1,2},'Data Pengawas RA-MI'!$Q$5:$Q$62,'Data Pengawas RA-MI'!$G$5:$G$62),2,0)),"DD MMMM YYYY"),"") -> 01 Juli 2024 | P12: =IFERROR(IF(K12="x","",W12),"") -> Pengawas RA,MI Kec. Kuripan | Q12: =IFERROR(IF(K12="","",VLOOKUP(K12,CHOOSE({1,2},'Data Pengawas RA-MI'!$Q$5:$Q$62,'Data Pengawas RA-MI'!$P$5:$P$62),2,0)),"") -> Banyuanyar | U12: Kuripan | W12: ="Pengawas RA,MI Kec. "&U12 -> Pengawas RA,MI Kec. Kuripan
B13: BANTARAN | C13: =COUNTIF('RA DATA'!$J$3:$J$421,'PETA_WAS_RA-MI'!B13) -> 13 | E13: =COUNTIF('MI DATA'!$I$3:$I$417,'PETA_WAS_RA-MI'!B13) -> 18 | G13: =SUM(C13,E13) -> 31 | H13: ='PETA-PENGAWAS'!H14 -> 2 | J13: =IF(K13="","",J12+1) -> 5 | K13: MOH. WAHID ILHAM | L13: =IFERROR(IF(K13="","",VLOOKUP(K13,CHOOSE({1,2},'Data Pengawas RA-MI'!$Q$5:$Q$62,'Data Pengawas RA-MI'!$D$5:$D$62),2,0)),"") -> L | M13: =IFERROR(IF(K13="","",VLOOKUP(K13,CHOOSE({1,2},'Data Pengawas RA-MI'!$Q$5:$Q$62,'Data Pengawas RA-MI'!$N$5:$N$62),2,0)),"") -> 07 September 2027 | N13: =IFERROR(IF(K13="","",VLOOKUP(K13,CHOOSE({1,2},'Data Pengawas RA-MI'!$Q$5:$Q$62,'Data Pengawas RA-MI'!$I$5:$I$62),2,0)),"") -> Pengawas RA,MI Kec. Bantaran | O13: =IFERROR(TEXT(IF(K13="","",VLOOKUP(K13,CHOOSE({1,2},'Data Pengawas RA-MI'!$Q$5:$Q$62,'Data Pengawas RA-MI'!$G$5:$G$62),2,0)),"DD MMMM YYYY"),"") -> 01 Juli 2024 | P13: =IFERROR(IF(K13="x","",W13),"") -> Pengawas RA,MI Kec. Bantaran | Q13: =IFERROR(IF(K13="","",VLOOKUP(K13,CHOOSE({1,2},'Data Pengawas RA-MI'!$Q$5:$Q$62,'Data Pengawas RA-MI'!$P$5:$P$62),2,0)),"") -> Kedopok | U13: Bantaran | W13: ="Pengawas RA,MI Kec. "&U13 -> Pengawas RA,MI Kec. Bantaran
J14: =IF(K14="","",J13+1) -> 6 | K14: KARIMUL HUDA | L14: =IFERROR(IF(K14="","",VLOOKUP(K14,CHOOSE({1,2},'Data Pengawas RA-MI'!$Q$5:$Q$62,'Data Pengawas RA-MI'!$D$5:$D$62),2,0)),"") -> L | M14: =IFERROR(IF(K14="","",VLOOKUP(K14,CHOOSE({1,2},'Data Pengawas RA-MI'!$Q$5:$Q$62,'Data Pengawas RA-MI'!$N$5:$N$62),2,0)),"") -> 15 Juli 2042 | N14: =IFERROR(IF(K14="","",VLOOKUP(K14,CHOOSE({1,2},'Data Pengawas RA-MI'!$Q$5:$Q$62,'Data Pengawas RA-MI'!$I$5:$I$62),2,0)),"") -> Pengawas RA,MI Kec. Bantaran | O14: =IFERROR(TEXT(IF(K14="","",VLOOKUP(K14,CHOOSE({1,2},'Data Pengawas RA-MI'!$Q$5:$Q$62,'Data Pengawas RA-MI'!$G$5:$G$62),2,0)),"DD MMMM YYYY"),"") -> 01 Juni 2023 | P14: =IFERROR(IF(K14="x","",W14),"") -> Pengawas RA,MI Kec. Bantaran | Q14: =IFERROR(IF(K14="","",VLOOKUP(K14,CHOOSE({1,2},'Data Pengawas RA-MI'!$Q$5:$Q$62,'Data Pengawas RA-MI'!$P$5:$P$62),2,0)),"") -> Kuripan | U14: Bantaran | W14: ="Pengawas RA,MI Kec. "&U14 -> Pengawas RA,MI Kec. Bantaran
B15: SUMBERASIH | C15: =COUNTIF('RA DATA'!$J$3:$J$421,'PETA_WAS_RA-MI'!B15) -> 16 | E15: =COUNTIF('MI DATA'!$I$3:$I$417,'PETA_WAS_RA-MI'!B15) -> 8 | G15: =SUM(C15,E15) -> 24 | H15: ='PETA-PENGAWAS'!H15 -> 1 | J15: =IF(K15="","",J14+1) -> 7 | K15: ISWANTO | L15: =IFERROR(IF(K15="","",VLOOKUP(K15,CHOOSE({1,2},'Data Pengawas RA-MI'!$Q$5:$Q$62,'Data Pengawas RA-MI'!$D$5:$D$62),2,0)),"") -> L | M15: =IFERROR(IF(K15="","",VLOOKUP(K15,CHOOSE({1,2},'Data Pengawas RA-MI'!$Q$5:$Q$62,'Data Pengawas RA-MI'!$N$5:$N$62),2,0)),"") -> 11 April 2044 | N15: =IFERROR(IF(K15="","",VLOOKUP(K15,CHOOSE({1,2},'Data Pengawas RA-MI'!$Q$5:$Q$62,'Data Pengawas RA-MI'!$I$5:$I$62),2,0)),"") -> Pengawas RA,MI Kec. Wonomerto, Tongas | O15: =IFERROR(TEXT(IF(K15="","",VLOOKUP(K15,CHOOSE({1,2},'Data Pengawas RA-MI'!$Q$5:$Q$62,'Data Pengawas RA-MI'!$G$5:$G$62),2,0)),"DD MMMM YYYY"),"") -> 01 Juni 2023 | P15: =IFERROR(IF(K15="x","",W15),"") -> Pengawas RA,MI Kec. Sumberasih | Q15: =IFERROR(IF(K15="","",VLOOKUP(K15,CHOOSE({1,2},'Data Pengawas RA-MI'!$Q$5:$Q$62,'Data Pengawas RA-MI'!$P$5:$P$62),2,0)),"") -> Sumberasih | U15: Sumberasih | W15: ="Pengawas RA,MI Kec. "&U15 -> Pengawas RA,MI Kec. Sumberasih
B16: GENDING | C16: =COUNTIF('RA DATA'!$J$3:$J$421,'PETA_WAS_RA-MI'!B16) -> 15 | E16: =COUNTIF('MI DATA'!$I$3:$I$417,'PETA_WAS_RA-MI'!B16) -> 12 | G16: =SUM(C16,E16) -> 27 | H16: ='PETA-PENGAWAS'!H16 -> 2 | J16: =IF(K16="","",J15+1) -> 8 | K16: MARIA ULFAH | L16: =IFERROR(IF(K16="","",VLOOKUP(K16,CHOOSE({1,2},'Data Pengawas RA-MI'!$Q$5:$Q$62,'Data Pengawas RA-MI'!$D$5:$D$62),2,0)),"") -> P | M16: =IFERROR(IF(K16="","",VLOOKUP(K16,CHOOSE({1,2},'Data Pengawas RA-MI'!$Q$5:$Q$62,'Data Pengawas RA-MI'!$N$5:$N$62),2,0)),"") -> 04 Februari 2033 | N16: =IFERROR(IF(K16="","",VLOOKUP(K16,CHOOSE({1,2},'Data Pengawas RA-MI'!$Q$5:$Q$62,'Data Pengawas RA-MI'!$I$5:$I$62),2,0)),"") -> Penagawas RA,MI Kec. Sumberasih | O16: =IFERROR(TEXT(IF(K16="","",VLOOKUP(K16,CHOOSE({1,2},'Data Pengawas RA-MI'!$Q$5:$Q$62,'Data Pengawas RA-MI'!$G$5:$G$62),2,0)),"DD MMMM YYYY"),"") -> 28 Desember 2020 | P16: =IFERROR(IF(K16="x","",W16),"") -> Pengawas RA,MI Kec. Gending | Q16: =IFERROR(IF(K16="","",VLOOKUP(K16,CHOOSE({1,2},'Data Pengawas RA-MI'!$Q$5:$Q$62,'Data Pengawas RA-MI'!$P$5:$P$62),2,0)),"") -> Leces | U16: Gending | W16: ="Pengawas RA,MI Kec. "&U16 -> Pengawas RA,MI Kec. Gending
J17: =IF(K17="","",J16+1) -> 9 | K17: DIANA DWI RAHAYU | L17: =IFERROR(IF(K17="","",VLOOKUP(K17,CHOOSE({1,2},'Data Pengawas RA-MI'!$Q$5:$Q$62,'Data Pengawas RA-MI'!$D$5:$D$62),2,0)),"") -> P | M17: =IFERROR(IF(K17="","",VLOOKUP(K17,CHOOSE({1,2},'Data Pengawas RA-MI'!$Q$5:$Q$62,'Data Pengawas RA-MI'!$N$5:$N$62),2,0)),"") -> 24 Desember 2042 | N17: =IFERROR(IF(K17="","",VLOOKUP(K17,CHOOSE({1,2},'Data Pengawas RA-MI'!$Q$5:$Q$62,'Data Pengawas RA-MI'!$I$5:$I$62),2,0)),"") -> Pengawas RA,MI Kec. Gending | O17: =IFERROR(TEXT(IF(K17="","",VLOOKUP(K17,CHOOSE({1,2},'Data Pengawas RA-MI'!$Q$5:$Q$62,'Data Pengawas RA-MI'!$G$5:$G$62),2,0)),"DD MMMM YYYY"),"") -> 01 Juli 2024 | P17: =IFERROR(IF(K17="x","",W17),"") -> Pengawas RA,MI Kec. Gending | Q17: =IFERROR(IF(K17="","",VLOOKUP(K17,CHOOSE({1,2},'Data Pengawas RA-MI'!$Q$5:$Q$62,'Data Pengawas RA-MI'!$P$5:$P$62),2,0)),"") -> Maron | U17: Gending | W17: ="Pengawas RA,MI Kec. "&U17 -> Pengawas RA,MI Kec. Gending
B18: DRINGU | C18: =COUNTIF('RA DATA'!$J$3:$J$421,'PETA_WAS_RA-MI'!B18) -> 2 | E18: =COUNTIF('MI DATA'!$I$3:$I$417,'PETA_WAS_RA-MI'!B18) -> 4 | G18: =SUM(C18,E18) -> 6 | H18: ='PETA-PENGAWAS'!H17 -> 1 | I18: Gending | J18: =IF(K18="","",J17+1) -> 10 | K18: ASNITI | L18: =IFERROR(IF(K18="","",VLOOKUP(K18,CHOOSE({1,2},'Data Pengawas RA-MI'!$Q$5:$Q$62,'Data Pengawas RA-MI'!$D$5:$D$62),2,0)),"") -> P | M18: =IFERROR(IF(K18="","",VLOOKUP(K18,CHOOSE({1,2},'Data Pengawas RA-MI'!$Q$5:$Q$62,'Data Pengawas RA-MI'!$N$5:$N$62),2,0)),"") -> 15 April 2033 | N18: =IFERROR(IF(K18="","",VLOOKUP(K18,CHOOSE({1,2},'Data Pengawas RA-MI'!$Q$5:$Q$62,'Data Pengawas RA-MI'!$I$5:$I$62),2,0)),"") -> Pengawas RA,MI Kec. Leces | O18: =IFERROR(TEXT(IF(K18="","",VLOOKUP(K18,CHOOSE({1,2},'Data Pengawas RA-MI'!$Q$5:$Q$62,'Data Pengawas RA-MI'!$G$5:$G$62),2,0)),"DD MMMM YYYY"),"") -> 03 November 2022 | P18: =IFERROR(IF(K18="x","",W18),"") -> Pengawas RA,MI Kec. Dringu dan Gending | Q18: =IFERROR(IF(K18="","",VLOOKUP(K18,CHOOSE({1,2},'Data Pengawas RA-MI'!$Q$5:$Q$62,'Data Pengawas RA-MI'!$P$5:$P$62),2,0)),"") -> Leces | U18: Dringu dan Gending | W18: ="Pengawas RA,MI Kec. "&U18 -> Pengawas RA,MI Kec. Dringu dan Gending
B19: LECES | C19: =COUNTIF('RA DATA'!$J$3:$J$421,'PETA_WAS_RA-MI'!B19) -> 19 | E19: =COUNTIF('MI DATA'!$I$3:$I$417,'PETA_WAS_RA-MI'!B19) -> 17 | G19: =SUM(C19,E19) -> 36 | H19: ='PETA-PENGAWAS'!H18 -> 3 | J19: =IF(K19="","",J18+1) -> 11 | K19: MU'ALIMAH | L19: =IFERROR(IF(K19="","",VLOOKUP(K19,CHOOSE({1,2},'Data Pengawas RA-MI'!$Q$5:$Q$62,'Data Pengawas RA-MI'!$D$5:$D$62),2,0)),"") -> P | M19: =IFERROR(IF(K19="","",VLOOKUP(K19,CHOOSE({1,2},'Data Pengawas RA-MI'!$Q$5:$Q$62,'Data Pengawas RA-MI'!$N$5:$N$62),2,0)),"") -> 25 November 2026 | N19: =IFERROR(IF(K19="","",VLOOKUP(K19,CHOOSE({1,2},'Data Pengawas RA-MI'!$Q$5:$Q$62,'Data Pengawas RA-MI'!$I$5:$I$62),2,0)),"") -> Pengawas RA,MI Kec. Leces | O19: =IFERROR(TEXT(IF(K19="","",VLOOKUP(K19,CHOOSE({1,2},'Data Pengawas RA-MI'!$Q$5:$Q$62,'Data Pengawas RA-MI'!$G$5:$G$62),2,0)),"DD MMMM YYYY"),"") -> 01 Juli 2024 | P19: =IFERROR(IF(K19="x","",W19),"") -> Pengawas RA,MI Kec. Leces | Q19: =IFERROR(IF(K19="","",VLOOKUP(K19,CHOOSE({1,2},'Data Pengawas RA-MI'!$Q$5:$Q$62,'Data Pengawas RA-MI'!$P$5:$P$62),2,0)),"") -> Kademangan | U19: Leces | W19: ="Pengawas RA,MI Kec. "&U19 -> Pengawas RA,MI Kec. Leces
J20: =IF(K20="","",J19+1) -> 12 | K20: SYAMSUL KHOLIQ, | L20: =IFERROR(IF(K20="","",VLOOKUP(K20,CHOOSE({1,2},'Data Pengawas RA-MI'!$Q$5:$Q$62,'Data Pengawas RA-MI'!$D$5:$D$62),2,0)),"") -> P | M20: =IFERROR(IF(K20="","",VLOOKUP(K20,CHOOSE({1,2},'Data Pengawas RA-MI'!$Q$5:$Q$62,'Data Pengawas RA-MI'!$N$5:$N$62),2,0)),"") -> 11 Juli 2029 | N20: =IFERROR(IF(K20="","",VLOOKUP(K20,CHOOSE({1,2},'Data Pengawas RA-MI'!$Q$5:$Q$62,'Data Pengawas RA-MI'!$I$5:$I$62),2,0)),"") -> Pengawas RA,MI Kec. Gending | O20: =IFERROR(TEXT(IF(K20="","",VLOOKUP(K20,CHOOSE({1,2},'Data Pengawas RA-MI'!$Q$5:$Q$62,'Data Pengawas RA-MI'!$G$5:$G$62),2,0)),"DD MMMM YYYY"),"") -> 06 Desember 2021 | P20: =IFERROR(IF(K20="x","",W20),"") -> Pengawas RA,MI Kec. Leces | Q20: =IFERROR(IF(K20="","",VLOOKUP(K20,CHOOSE({1,2},'Data Pengawas RA-MI'!$Q$5:$Q$62,'Data Pengawas RA-MI'!$P$5:$P$62),2,0)),"") -> Banyuanyar | U20: Leces | W20: ="Pengawas RA,MI Kec. "&U20 -> Pengawas RA,MI Kec. Leces
J21: =IF(K21="","",J20+1) -> 13 | K21: DWI KARTIKO HADISAPUTRO | L21: =IFERROR(IF(K21="","",VLOOKUP(K21,CHOOSE({1,2},'Data Pengawas RA-MI'!$Q$5:$Q$62,'Data Pengawas RA-MI'!$D$5:$D$62),2,0)),"") -> L | M21: =IFERROR(IF(K21="","",VLOOKUP(K21,CHOOSE({1,2},'Data Pengawas RA-MI'!$Q$5:$Q$62,'Data Pengawas RA-MI'!$N$5:$N$62),2,0)),"") -> 03 Januari 2041 | N21: =IFERROR(IF(K21="","",VLOOKUP(K21,CHOOSE({1,2},'Data Pengawas RA-MI'!$Q$5:$Q$62,'Data Pengawas RA-MI'!$I$5:$I$62),2,0)),"") -> Pengawas RA,MI Kec. Krucil | O21: =IFERROR(TEXT(IF(K21="","",VLOOKUP(K21,CHOOSE({1,2},'Data Pengawas RA-MI'!$Q$5:$Q$62,'Data Pengawas RA-MI'!$G$5:$G$62),2,0)),"DD MMMM YYYY"),"") -> 01 Juli 2023 | P21: =IFERROR(IF(K21="x","",W21),"") -> Pengawas RA,MI Kec. Leces | Q21: =IFERROR(IF(K21="","",VLOOKUP(K21,CHOOSE({1,2},'Data Pengawas RA-MI'!$Q$5:$Q$62,'Data Pengawas RA-MI'!$P$5:$P$62),2,0)),"") -> Maron | U21: Leces | W21: ="Pengawas RA,MI Kec. "&U21 -> Pengawas RA,MI Kec. Leces
B22: TEGALSIWALAN | C22: =COUNTIF('RA DATA'!$J$3:$J$421,'PETA_WAS_RA-MI'!B22) -> 11 | E22: =COUNTIF('MI DATA'!$I$3:$I$417,'PETA_WAS_RA-MI'!B22) -> 13 | G22: =SUM(C22,E22) -> 24 | H22: ='PETA-PENGAWAS'!H19 -> 2 | J22: =IF(K22="","",J21+1) -> 14 | K22: SAMSUL BAHRI | L22: =IFERROR(IF(K22="","",VLOOKUP(K22,CHOOSE({1,2},'Data Pengawas RA-MI'!$Q$5:$Q$62,'Data Pengawas RA-MI'!$D$5:$D$62),2,0)),"") -> L | M22: =IFERROR(IF(K22="","",VLOOKUP(K22,CHOOSE({1,2},'Data Pengawas RA-MI'!$Q$5:$Q$62,'Data Pengawas RA-MI'!$N$5:$N$62),2,0)),"") -> 06 Maret 2032 | N22: =IFERROR(IF(K22="","",VLOOKUP(K22,CHOOSE({1,2},'Data Pengawas RA-MI'!$Q$5:$Q$62,'Data Pengawas RA-MI'!$I$5:$I$62),2,0)),"") -> Pengawas RA,MI Kec. Tegalsiwalan | O22: =IFERROR(TEXT(IF(K22="","",VLOOKUP(K22,CHOOSE({1,2},'Data Pengawas RA-MI'!$Q$5:$Q$62,'Data Pengawas RA-MI'!$G$5:$G$62),2,0)),"DD MMMM YYYY"),"") -> 01 Juli 2024 | P22: =IFERROR(IF(K22="x","",W22),"") -> Pengawas RA,MI Kec. Tegalsiwalan | Q22: =IFERROR(IF(K22="","",VLOOKUP(K22,CHOOSE({1,2},'Data Pengawas RA-MI'!$Q$5:$Q$62,'Data Pengawas RA-MI'!$P$5:$P$62),2,0)),"") -> Leces | U22: Tegalsiwalan | W22: ="Pengawas RA,MI Kec. "&U22 -> Pengawas RA,MI Kec. Tegalsiwalan
J23: =IF(K23="","",J22+1) -> 15 | K23: SITI NURFADILA | L23: =IFERROR(IF(K23="","",VLOOKUP(K23,CHOOSE({1,2},'Data Pengawas RA-MI'!$Q$5:$Q$62,'Data Pengawas RA-MI'!$D$5:$D$62),2,0)),"") -> L | M23: =IFERROR(IF(K23="","",VLOOKUP(K23,CHOOSE({1,2},'Data Pengawas RA-MI'!$Q$5:$Q$62,'Data Pengawas RA-MI'!$N$5:$N$62),2,0)),"") -> 15 Maret 2041 | N23: =IFERROR(IF(K23="","",VLOOKUP(K23,CHOOSE({1,2},'Data Pengawas RA-MI'!$Q$5:$Q$62,'Data Pengawas RA-MI'!$I$5:$I$62),2,0)),"") -> Pengawas RA,MI Kec. Leces | O23: =IFERROR(TEXT(IF(K23="","",VLOOKUP(K23,CHOOSE({1,2},'Data Pengawas RA-MI'!$Q$5:$Q$62,'Data Pengawas RA-MI'!$G$5:$G$62),2,0)),"DD MMMM YYYY"),"") -> 24 April 2022 | P23: =IFERROR(IF(K23="x","",W23),"") -> Pengawas RA,MI Kec. Tegalsiwalan | Q23: =IFERROR(IF(K23="","",VLOOKUP(K23,CHOOSE({1,2},'Data Pengawas RA-MI'!$Q$5:$Q$62,'Data Pengawas RA-MI'!$P$5:$P$62),2,0)),"") -> Gending | U23: Tegalsiwalan | W23: ="Pengawas RA,MI Kec. "&U23 -> Pengawas RA,MI Kec. Tegalsiwalan
B24: BANYUANYAR | C24: =COUNTIF('RA DATA'!$J$3:$J$421,'PETA_WAS_RA-MI'!B24) -> 31 | E24: =COUNTIF('MI DATA'!$I$3:$I$417,'PETA_WAS_RA-MI'!B24) -> 29 | G24: =SUM(C24,E24) -> 60 | H24: ='PETA-PENGAWAS'!H20 -> 4 | J24: =IF(K24="","",J23+1) -> 16 | K24: AGUS SOLEH | L24: =IFERROR(IF(K24="","",VLOOKUP(K24,CHOOSE({1,2},'Data Pengawas RA-MI'!$Q$5:$Q$62,'Data Pengawas RA-MI'!$D$5:$D$62),2,0)),"") -> L | M24: =IFERROR(IF(K24="","",VLOOKUP(K24,CHOOSE({1,2},'Data Pengawas RA-MI'!$Q$5:$Q$62,'Data Pengawas RA-MI'!$N$5:$N$62),2,0)),"") -> 05 Agustus 2038 | N24: =IFERROR(IF(K24="","",VLOOKUP(K24,CHOOSE({1,2},'Data Pengawas RA-MI'!$Q$5:$Q$62,'Data Pengawas RA-MI'!$I$5:$I$62),2,0)),"") -> Pengawas RA,MI Kec. Banyuanyar | O24: =IFERROR(TEXT(IF(K24="","",VLOOKUP(K24,CHOOSE({1,2},'Data Pengawas RA-MI'!$Q$5:$Q$62,'Data Pengawas RA-MI'!$G$5:$G$62),2,0)),"DD MMMM YYYY"),"") -> 01 Juli 2024 | P24: =IFERROR(IF(K24="x","",W24),"") -> Pengawas RA,MI Kec. Banyuanyar | Q24: =IFERROR(IF(K24="","",VLOOKUP(K24,CHOOSE({1,2},'Data Pengawas RA-MI'!$Q$5:$Q$62,'Data Pengawas RA-MI'!$P$5:$P$62),2,0)),"") -> Dringu | U24: Banyuanyar | W24: ="Pengawas RA,MI Kec. "&U24 -> Pengawas RA,MI Kec. Banyuanyar
J25: =IF(K25="","",J24+1) -> 17 | K25: JUHAIRIYAH | L25: =IFERROR(IF(K25="","",VLOOKUP(K25,CHOOSE({1,2},'Data Pengawas RA-MI'!$Q$5:$Q$62,'Data Pengawas RA-MI'!$D$5:$D$62),2,0)),"") -> P | M25: =IFERROR(IF(K25="","",VLOOKUP(K25,CHOOSE({1,2},'Data Pengawas RA-MI'!$Q$5:$Q$62,'Data Pengawas RA-MI'!$N$5:$N$62),2,0)),"") -> 28 April 2029 | N25: =IFERROR(IF(K25="","",VLOOKUP(K25,CHOOSE({1,2},'Data Pengawas RA-MI'!$Q$5:$Q$62,'Data Pengawas RA-MI'!$I$5:$I$62),2,0)),"") -> Pengawas RA,MI Kec. Banyuanyar | O25: =IFERROR(TEXT(IF(K25="","",VLOOKUP(K25,CHOOSE({1,2},'Data Pengawas RA-MI'!$Q$5:$Q$62,'Data Pengawas RA-MI'!$G$5:$G$62),2,0)),"DD MMMM YYYY"),"") -> 01 Juli 2024 | P25: =IFERROR(IF(K25="x","",W25),"") -> Pengawas RA,MI Kec. Banyuanyar | Q25: =IFERROR(IF(K25="","",VLOOKUP(K25,CHOOSE({1,2},'Data Pengawas RA-MI'!$Q$5:$Q$62,'Data Pengawas RA-MI'!$P$5:$P$62),2,0)),"") -> Maron | U25: Banyuanyar | W25: ="Pengawas RA,MI Kec. "&U25 -> Pengawas RA,MI Kec. Banyuanyar
J26: =IF(K26="","",J25+1) -> 18 | K26: KHOLID MUSTOFA | L26: =IFERROR(IF(K26="","",VLOOKUP(K26,CHOOSE({1,2},'Data Pengawas RA-MI'!$Q$5:$Q$62,'Data Pengawas RA-MI'!$D$5:$D$62),2,0)),"") -> L | M26: =IFERROR(IF(K26="","",VLOOKUP(K26,CHOOSE({1,2},'Data Pengawas RA-MI'!$Q$5:$Q$62,'Data Pengawas RA-MI'!$N$5:$N$62),2,0)),"") -> 30 Juni 2032 | N26: =IFERROR(IF(K26="","",VLOOKUP(K26,CHOOSE({1,2},'Data Pengawas RA-MI'!$Q$5:$Q$62,'Data Pengawas RA-MI'!$I$5:$I$62),2,0)),"") -> Pengawas RA,MI Kec. Banyuanyar | O26: =IFERROR(TEXT(IF(K26="","",VLOOKUP(K26,CHOOSE({1,2},'Data Pengawas RA-MI'!$Q$5:$Q$62,'Data Pengawas RA-MI'!$G$5:$G$62),2,0)),"DD MMMM YYYY"),"") -> 01 Juli 2024 | P26: =IFERROR(IF(K26="x","",W26),"") -> Pengawas RA,MI Kec. Banyuanyar | Q26: =IFERROR(IF(K26="","",VLOOKUP(K26,CHOOSE({1,2},'Data Pengawas RA-MI'!$Q$5:$Q$62,'Data Pengawas RA-MI'!$P$5:$P$62),2,0)),"") -> Maron | U26: Banyuanyar | W26: ="Pengawas RA,MI Kec. "&U26 -> Pengawas RA,MI Kec. Banyuanyar
J27: =IF(K27="","",J26+1) -> 19 | K27: ABD. WAHID | L27: =IFERROR(IF(K27="","",VLOOKUP(K27,CHOOSE({1,2},'Data Pengawas RA-MI'!$Q$5:$Q$62,'Data Pengawas RA-MI'!$D$5:$D$62),2,0)),"") -> L | M27: =IFERROR(IF(K27="","",VLOOKUP(K27,CHOOSE({1,2},'Data Pengawas RA-MI'!$Q$5:$Q$62,'Data Pengawas RA-MI'!$N$5:$N$62),2,0)),"") -> 16 Agustus 2032 | N27: =IFERROR(IF(K27="","",VLOOKUP(K27,CHOOSE({1,2},'Data Pengawas RA-MI'!$Q$5:$Q$62,'Data Pengawas RA-MI'!$I$5:$I$62),2,0)),"") -> Pengawas RA, MI Kec. Tiris Barat | O27: =IFERROR(TEXT(IF(K27="","",VLOOKUP(K27,CHOOSE({1,2},'Data Pengawas RA-MI'!$Q$5:$Q$62,'Data Pengawas RA-MI'!$G$5:$G$62),2,0)),"DD MMMM YYYY"),"") -> Lama sekali | P27: =IFERROR(IF(K27="x","",W27),"") -> Pengawas RA,MI Kec. Banyuanyar | Q27: =IFERROR(IF(K27="","",VLOOKUP(K27,CHOOSE({1,2},'Data Pengawas RA-MI'!$Q$5:$Q$62,'Data Pengawas RA-MI'!$P$5:$P$62),2,0)),"") -> Gading | U27: Banyuanyar | W27: ="Pengawas RA,MI Kec. "&U27 -> Pengawas RA,MI Kec. Banyuanyar
B28: MARON | C28: =COUNTIF('RA DATA'!$J$3:$J$421,'PETA_WAS_RA-MI'!B28) -> 27 | E28: =COUNTIF('MI DATA'!$I$3:$I$417,'PETA_WAS_RA-MI'!B28) -> 25 | G28: =SUM(C28,E28) -> 52 | H28: ='PETA-PENGAWAS'!H21 -> 4 | J28: =IF(K28="","",J27+1) -> 20 | K28: DIDIK IRAWAN | L28: =IFERROR(IF(K28="","",VLOOKUP(K28,CHOOSE({1,2},'Data Pengawas RA-MI'!$Q$5:$Q$62,'Data Pengawas RA-MI'!$D$5:$D$62),2,0)),"") -> L | M28: =IFERROR(IF(K28="","",VLOOKUP(K28,CHOOSE({1,2},'Data Pengawas RA-MI'!$Q$5:$Q$62,'Data Pengawas RA-MI'!$N$5:$N$62),2,0)),"") -> 02 Januari 2040 | N28: =IFERROR(IF(K28="","",VLOOKUP(K28,CHOOSE({1,2},'Data Pengawas RA-MI'!$Q$5:$Q$62,'Data Pengawas RA-MI'!$I$5:$I$62),2,0)),"") -> Pengawas RA,MI Kec. Maron | O28: =IFERROR(TEXT(IF(K28="","",VLOOKUP(K28,CHOOSE({1,2},'Data Pengawas RA-MI'!$Q$5:$Q$62,'Data Pengawas RA-MI'!$G$5:$G$62),2,0)),"DD MMMM YYYY"),"") -> 01 Juli 2024 | P28: =IFERROR(IF(K28="x","",W28),"") -> Pengawas RA,MI Kec. Maron | Q28: =IFERROR(IF(K28="","",VLOOKUP(K28,CHOOSE({1,2},'Data Pengawas RA-MI'!$Q$5:$Q$62,'Data Pengawas RA-MI'!$P$5:$P$62),2,0)),"") -> Maron | U28: Maron | W28: ="Pengawas RA,MI Kec. "&U28 -> Pengawas RA,MI Kec. Maron
J29: =IF(K29="","",J28+1) -> 21 | K29: LUKMANUL HAKIM | L29: =IFERROR(IF(K29="","",VLOOKUP(K29,CHOOSE({1,2},'Data Pengawas RA-MI'!$Q$5:$Q$62,'Data Pengawas RA-MI'!$D$5:$D$62),2,0)),"") -> L | M29: =IFERROR(IF(K29="","",VLOOKUP(K29,CHOOSE({1,2},'Data Pengawas RA-MI'!$Q$5:$Q$62,'Data Pengawas RA-MI'!$N$5:$N$62),2,0)),"") -> 07 Mei 2028 | N29: =IFERROR(IF(K29="","",VLOOKUP(K29,CHOOSE({1,2},'Data Pengawas RA-MI'!$Q$5:$Q$62,'Data Pengawas RA-MI'!$I$5:$I$62),2,0)),"") -> Pengawas RA,MI Kec. Maron | O29: =IFERROR(TEXT(IF(K29="","",VLOOKUP(K29,CHOOSE({1,2},'Data Pengawas RA-MI'!$Q$5:$Q$62,'Data Pengawas RA-MI'!$G$5:$G$62),2,0)),"DD MMMM YYYY"),"") -> 01 Juli 2024 | P29: =IFERROR(IF(K29="x","",W29),"") -> Pengawas RA,MI Kec. Maron | Q29: =IFERROR(IF(K29="","",VLOOKUP(K29,CHOOSE({1,2},'Data Pengawas RA-MI'!$Q$5:$Q$62,'Data Pengawas RA-MI'!$P$5:$P$62),2,0)),"") -> Kraksaan | U29: Maron | W29: ="Pengawas RA,MI Kec. "&U29 -> Pengawas RA,MI Kec. Maron
J30: =IF(K30="","",J29+1) -> 22 | K30: NUR HAKIMAH | L30: =IFERROR(IF(K30="","",VLOOKUP(K30,CHOOSE({1,2},'Data Pengawas RA-MI'!$Q$5:$Q$62,'Data Pengawas RA-MI'!$D$5:$D$62),2,0)),"") -> P | M30: =IFERROR(IF(K30="","",VLOOKUP(K30,CHOOSE({1,2},'Data Pengawas RA-MI'!$Q$5:$Q$62,'Data Pengawas RA-MI'!$N$5:$N$62),2,0)),"") -> 08 Maret 2029 | N30: =IFERROR(IF(K30="","",VLOOKUP(K30,CHOOSE({1,2},'Data Pengawas RA-MI'!$Q$5:$Q$62,'Data Pengawas RA-MI'!$I$5:$I$62),2,0)),"") -> Pengawas RA,MI Kec. Maron | O30: =IFERROR(TEXT(IF(K30="","",VLOOKUP(K30,CHOOSE({1,2},'Data Pengawas RA-MI'!$Q$5:$Q$62,'Data Pengawas RA-MI'!$G$5:$G$62),2,0)),"DD MMMM YYYY"),"") -> 01 Juli 2024 | P30: =IFERROR(IF(K30="x","",W30),"") -> Pengawas RA,MI Kec. Maron | Q30: =IFERROR(IF(K30="","",VLOOKUP(K30,CHOOSE({1,2},'Data Pengawas RA-MI'!$Q$5:$Q$62,'Data Pengawas RA-MI'!$P$5:$P$62),2,0)),"") -> Maron | U30: Maron | W30: ="Pengawas RA,MI Kec. "&U30 -> Pengawas RA,MI Kec. Maron
J31: =IF(K31="","",J30+1) -> 23 | K31: RINI YUPINTA | L31: =IFERROR(IF(K31="","",VLOOKUP(K31,CHOOSE({1,2},'Data Pengawas RA-MI'!$Q$5:$Q$62,'Data Pengawas RA-MI'!$D$5:$D$62),2,0)),"") -> L | M31: =IFERROR(IF(K31="","",VLOOKUP(K31,CHOOSE({1,2},'Data Pengawas RA-MI'!$Q$5:$Q$62,'Data Pengawas RA-MI'!$N$5:$N$62),2,0)),"") -> 31 Desember 2034 | N31: =IFERROR(IF(K31="","",VLOOKUP(K31,CHOOSE({1,2},'Data Pengawas RA-MI'!$Q$5:$Q$62,'Data Pengawas RA-MI'!$I$5:$I$62),2,0)),"") -> Pengawas RA,MI Kec. Maron | O31: =IFERROR(TEXT(IF(K31="","",VLOOKUP(K31,CHOOSE({1,2},'Data Pengawas RA-MI'!$Q$5:$Q$62,'Data Pengawas RA-MI'!$G$5:$G$62),2,0)),"DD MMMM YYYY"),"") -> 01 Oktober 2024 | P31: =IFERROR(IF(K31="x","",W31),"") -> Pengawas RA,MI Kec. Maron | Q31: =IFERROR(IF(K31="","",VLOOKUP(K31,CHOOSE({1,2},'Data Pengawas RA-MI'!$Q$5:$Q$62,'Data Pengawas RA-MI'!$P$5:$P$62),2,0)),"") -> Dringu | U31: Maron | W31: ="Pengawas RA,MI Kec. "&U31 -> Pengawas RA,MI Kec. Maron
B32: GADING | C32: =COUNTIF('RA DATA'!$J$3:$J$421,'PETA_WAS_RA-MI'!B32) -> 34 | E32: =COUNTIF('MI DATA'!$I$3:$I$417,'PETA_WAS_RA-MI'!B32) -> 34 | G32: =SUM(C32,E32) -> 68 | H32: ='PETA-PENGAWAS'!H22 -> 4 | J32: =IF(K32="","",J31+1) -> 24 | K32: HASAN | L32: =IFERROR(IF(K32="","",VLOOKUP(K32,CHOOSE({1,2},'Data Pengawas RA-MI'!$Q$5:$Q$62,'Data Pengawas RA-MI'!$D$5:$D$62),2,0)),"") -> L | M32: =IFERROR(IF(K32="","",VLOOKUP(K32,CHOOSE({1,2},'Data Pengawas RA-MI'!$Q$5:$Q$62,'Data Pengawas RA-MI'!$N$5:$N$62),2,0)),"") -> 27 September 2036 | N32: =IFERROR(IF(K32="","",VLOOKUP(K32,CHOOSE({1,2},'Data Pengawas RA-MI'!$Q$5:$Q$62,'Data Pengawas RA-MI'!$I$5:$I$62),2,0)),"") -> Pengawas RA,MI Kec. Gading | O32: =IFERROR(TEXT(IF(K32="","",VLOOKUP(K32,CHOOSE({1,2},'Data Pengawas RA-MI'!$Q$5:$Q$62,'Data Pengawas RA-MI'!$G$5:$G$62),2,0)),"DD MMMM YYYY"),"") -> 01 Juli 2024 | P32: =IFERROR(IF(K32="x","",W32),"") -> Pengawas RA,MI Kec. Gading | Q32: =IFERROR(IF(K32="","",VLOOKUP(K32,CHOOSE({1,2},'Data Pengawas RA-MI'!$Q$5:$Q$62,'Data Pengawas RA-MI'!$P$5:$P$62),2,0)),"") -> Krejengan | U32: Gading | W32: ="Pengawas RA,MI Kec. "&U32 -> Pengawas RA,MI Kec. Gading
J33: =IF(K33="","",J32+1) -> 25 | K33: NUR KILAT ANDIONO | L33: =IFERROR(IF(K33="","",VLOOKUP(K33,CHOOSE({1,2},'Data Pengawas RA-MI'!$Q$5:$Q$62,'Data Pengawas RA-MI'!$D$5:$D$62),2,0)),"") -> P | M33: =IFERROR(IF(K33="","",VLOOKUP(K33,CHOOSE({1,2},'Data Pengawas RA-MI'!$Q$5:$Q$62,'Data Pengawas RA-MI'!$N$5:$N$62),2,0)),"") -> 17 Januari 2033 | N33: =IFERROR(IF(K33="","",VLOOKUP(K33,CHOOSE({1,2},'Data Pengawas RA-MI'!$Q$5:$Q$62,'Data Pengawas RA-MI'!$I$5:$I$62),2,0)),"") -> Pengawas RA,MI Kec. Gading | O33: =IFERROR(TEXT(IF(K33="","",VLOOKUP(K33,CHOOSE({1,2},'Data Pengawas RA-MI'!$Q$5:$Q$62,'Data Pengawas RA-MI'!$G$5:$G$62),2,0)),"DD MMMM YYYY"),"") -> 01 Juli 2024 | P33: =IFERROR(IF(K33="x","",W33),"") -> Pengawas RA,MI Kec. Gading | Q33: =IFERROR(IF(K33="","",VLOOKUP(K33,CHOOSE({1,2},'Data Pengawas RA-MI'!$Q$5:$Q$62,'Data Pengawas RA-MI'!$P$5:$P$62),2,0)),"") -> Kraksaan | U33: Gading | W33: ="Pengawas RA,MI Kec. "&U33 -> Pengawas RA,MI Kec. Gading
J34: =IF(K34="","",J33+1) -> 26 | K34: PIPIN FAJAR YUNIANTO | L34: =IFERROR(IF(K34="","",VLOOKUP(K34,CHOOSE({1,2},'Data Pengawas RA-MI'!$Q$5:$Q$62,'Data Pengawas RA-MI'!$D$5:$D$62),2,0)),"") -> L | M34: =IFERROR(IF(K34="","",VLOOKUP(K34,CHOOSE({1,2},'Data Pengawas RA-MI'!$Q$5:$Q$62,'Data Pengawas RA-MI'!$N$5:$N$62),2,0)),"") -> 16 Juni 2036 | N34: =IFERROR(IF(K34="","",VLOOKUP(K34,CHOOSE({1,2},'Data Pengawas RA-MI'!$Q$5:$Q$62,'Data Pengawas RA-MI'!$I$5:$I$62),2,0)),"") -> Pengawas RA,MI Kec. Krucil | O34: =IFERROR(TEXT(IF(K34="","",VLOOKUP(K34,CHOOSE({1,2},'Data Pengawas RA-MI'!$Q$5:$Q$62,'Data Pengawas RA-MI'!$G$5:$G$62),2,0)),"DD MMMM YYYY"),"") -> 03 November 2022 | P34: =IFERROR(IF(K34="x","",W34),"") -> Pengawas RA,MI Kec. Gading | Q34: =IFERROR(IF(K34="","",VLOOKUP(K34,CHOOSE({1,2},'Data Pengawas RA-MI'!$Q$5:$Q$62,'Data Pengawas RA-MI'!$P$5:$P$62),2,0)),"") -> Krucil | U34: Gading | W34: ="Pengawas RA,MI Kec. "&U34 -> Pengawas RA,MI Kec. Gading
J35: =IF(K35="","",J34+1) -> 27 | K35: PUGUH STYA NUGRAHA | L35: =IFERROR(IF(K35="","",VLOOKUP(K35,CHOOSE({1,2},'Data Pengawas RA-MI'!$Q$5:$Q$62,'Data Pengawas RA-MI'!$D$5:$D$62),2,0)),"") -> L | M35: =IFERROR(IF(K35="","",VLOOKUP(K35,CHOOSE({1,2},'Data Pengawas RA-MI'!$Q$5:$Q$62,'Data Pengawas RA-MI'!$N$5:$N$62),2,0)),"") -> 13 Juli 2043 | N35: =IFERROR(IF(K35="","",VLOOKUP(K35,CHOOSE({1,2},'Data Pengawas RA-MI'!$Q$5:$Q$62,'Data Pengawas RA-MI'!$I$5:$I$62),2,0)),"") -> Pengawas RA,MI Kec. Kraksaan | O35: =IFERROR(TEXT(IF(K35="","",VLOOKUP(K35,CHOOSE({1,2},'Data Pengawas RA-MI'!$Q$5:$Q$62,'Data Pengawas RA-MI'!$G$5:$G$62),2,0)),"DD MMMM YYYY"),"") -> 03 November 2022 | P35: =IFERROR(IF(K35="x","",W35),"") -> Pengawas RA,MI Kec. Gading | Q35: =IFERROR(IF(K35="","",VLOOKUP(K35,CHOOSE({1,2},'Data Pengawas RA-MI'!$Q$5:$Q$62,'Data Pengawas RA-MI'!$P$5:$P$62),2,0)),"") -> Paiton | U35: Gading | W35: ="Pengawas RA,MI Kec. "&U35 -> Pengawas RA,MI Kec. Gading
B36: TIRIS BARAT | C36: =COUNTIF('RA DATA'!$J$3:$J$421,'PETA_WAS_RA-MI'!B36) -> 24 | E36: =COUNTIF('MI DATA'!$I$3:$I$417,'PETA_WAS_RA-MI'!B36) -> 26 | G36: =SUM(C36,E36) -> 50 | H36: ='PETA-PENGAWAS'!H24 -> 3 | J36: =IF(K36="","",J35+1) -> 28 | K36: NUNUNG HARNANI | L36: =IFERROR(IF(K36="","",VLOOKUP(K36,CHOOSE({1,2},'Data Pengawas RA-MI'!$Q$5:$Q$62,'Data Pengawas RA-MI'!$D$5:$D$62),2,0)),"") -> P | M36: =IFERROR(IF(K36="","",VLOOKUP(K36,CHOOSE({1,2},'Data Pengawas RA-MI'!$Q$5:$Q$62,'Data Pengawas RA-MI'!$N$5:$N$62),2,0)),"") -> 15 Oktober 2039 | N36: =IFERROR(IF(K36="","",VLOOKUP(K36,CHOOSE({1,2},'Data Pengawas RA-MI'!$Q$5:$Q$62,'Data Pengawas RA-MI'!$I$5:$I$62),2,0)),"") -> Pengawas RA,MI Kec. Dringu, Gending | O36: =IFERROR(TEXT(IF(K36="","",VLOOKUP(K36,CHOOSE({1,2},'Data Pengawas RA-MI'!$Q$5:$Q$62,'Data Pengawas RA-MI'!$G$5:$G$62),2,0)),"DD MMMM YYYY"),"") -> 03 Juni 2023 | P36: =IFERROR(IF(K36="x","",W36),"") -> Pengawas RA,MI Kec. Tiris Barat | Q36: =IFERROR(IF(K36="","",VLOOKUP(K36,CHOOSE({1,2},'Data Pengawas RA-MI'!$Q$5:$Q$62,'Data Pengawas RA-MI'!$P$5:$P$62),2,0)),"") -> Maron | U36: Tiris Barat | W36: ="Pengawas RA,MI Kec. "&U36 -> Pengawas RA,MI Kec. Tiris Barat
J37: =IF(K37="","",J36+1) -> 29 | K37: IMAM GHOZALI | L37: =IFERROR(IF(K37="","",VLOOKUP(K37,CHOOSE({1,2},'Data Pengawas RA-MI'!$Q$5:$Q$62,'Data Pengawas RA-MI'!$D$5:$D$62),2,0)),"") -> L | M37: =IFERROR(IF(K37="","",VLOOKUP(K37,CHOOSE({1,2},'Data Pengawas RA-MI'!$Q$5:$Q$62,'Data Pengawas RA-MI'!$N$5:$N$62),2,0)),"") -> 05 Juli 2036 | N37: =IFERROR(IF(K37="","",VLOOKUP(K37,CHOOSE({1,2},'Data Pengawas RA-MI'!$Q$5:$Q$62,'Data Pengawas RA-MI'!$I$5:$I$62),2,0)),"") -> Pengawas RA, MI Kec. Tiris Barat | O37: =IFERROR(TEXT(IF(K37="","",VLOOKUP(K37,CHOOSE({1,2},'Data Pengawas RA-MI'!$Q$5:$Q$62,'Data Pengawas RA-MI'!$G$5:$G$62),2,0)),"DD MMMM YYYY"),"") -> 01 Juni 2023 | P37: =IFERROR(IF(K37="x","",W37),"") -> Pengawas RA,MI Kec. Tiris Barat | Q37: =IFERROR(IF(K37="","",VLOOKUP(K37,CHOOSE({1,2},'Data Pengawas RA-MI'!$Q$5:$Q$62,'Data Pengawas RA-MI'!$P$5:$P$62),2,0)),"") -> Gending | U37: Tiris Barat | W37: ="Pengawas RA,MI Kec. "&U37 -> Pengawas RA,MI Kec. Tiris Barat
J38: =IF(K38="","",J37+1) -> 30 | K38: DIAN EKO PRASETYONO | L38: =IFERROR(IF(K38="","",VLOOKUP(K38,CHOOSE({1,2},'Data Pengawas RA-MI'!$Q$5:$Q$62,'Data Pengawas RA-MI'!$D$5:$D$62),2,0)),"") -> L | M38: =IFERROR(IF(K38="","",VLOOKUP(K38,CHOOSE({1,2},'Data Pengawas RA-MI'!$Q$5:$Q$62,'Data Pengawas RA-MI'!$N$5:$N$62),2,0)),"") -> 05 Mei 2037 | N38: =IFERROR(IF(K38="","",VLOOKUP(K38,CHOOSE({1,2},'Data Pengawas RA-MI'!$Q$5:$Q$62,'Data Pengawas RA-MI'!$I$5:$I$62),2,0)),"") -> Pengawas RA, MI Kec. Tiris Timur | O38: =IFERROR(TEXT(IF(K38="","",VLOOKUP(K38,CHOOSE({1,2},'Data Pengawas RA-MI'!$Q$5:$Q$62,'Data Pengawas RA-MI'!$G$5:$G$62),2,0)),"DD MMMM YYYY"),"") -> 01 Juli 2024 | P38: =IFERROR(IF(K38="x","",W38),"") -> Pengawas RA,MI Kec. Tiris Barat | Q38: =IFERROR(IF(K38="","",VLOOKUP(K38,CHOOSE({1,2},'Data Pengawas RA-MI'!$Q$5:$Q$62,'Data Pengawas RA-MI'!$P$5:$P$62),2,0)),"") -> Banyuanyar | U38: Tiris Barat | W38: ="Pengawas RA,MI Kec. "&U38 -> Pengawas RA,MI Kec. Tiris Barat
B39: TIRIS TIMUR | C39: =COUNTIF('RA DATA'!$J$3:$J$421,'PETA_WAS_RA-MI'!B39) -> 16 | E39: =COUNTIF('MI DATA'!$I$3:$I$417,'PETA_WAS_RA-MI'!B39) -> 25 | G39: =SUM(C39,E39) -> 41 | H39: ='PETA-PENGAWAS'!H25 -> 3 | J39: =IF(K39="","",J38+1) -> 31 | K39: IKA CANDRA DEWI | L39: =IFERROR(IF(K39="","",VLOOKUP(K39,CHOOSE({1,2},'Data Pengawas RA-MI'!$Q$5:$Q$62,'Data Pengawas RA-MI'!$D$5:$D$62),2,0)),"") -> P | M39: =IFERROR(IF(K39="","",VLOOKUP(K39,CHOOSE({1,2},'Data Pengawas RA-MI'!$Q$5:$Q$62,'Data Pengawas RA-MI'!$N$5:$N$62),2,0)),"") -> 12 Januari 2043 | N39: =IFERROR(IF(K39="","",VLOOKUP(K39,CHOOSE({1,2},'Data Pengawas RA-MI'!$Q$5:$Q$62,'Data Pengawas RA-MI'!$I$5:$I$62),2,0)),"") -> Pengawas RA, MI Kec. Tiris Timur | O39: =IFERROR(TEXT(IF(K39="","",VLOOKUP(K39,CHOOSE({1,2},'Data Pengawas RA-MI'!$Q$5:$Q$62,'Data Pengawas RA-MI'!$G$5:$G$62),2,0)),"DD MMMM YYYY"),"") -> 03 November 2022 | P39: =IFERROR(IF(K39="x","",W39),"") -> Pengawas RA,MI Kec. Tiris Timur | Q39: =IFERROR(IF(K39="","",VLOOKUP(K39,CHOOSE({1,2},'Data Pengawas RA-MI'!$Q$5:$Q$62,'Data Pengawas RA-MI'!$P$5:$P$62),2,0)),"") -> Tiris | U39: Tiris Timur | W39: ="Pengawas RA,MI Kec. "&U39 -> Pengawas RA,MI Kec. Tiris Timur
J40: =IF(K40="","",J39+1) -> 32 | K40: ISHAK | L40: =IFERROR(IF(K40="","",VLOOKUP(K40,CHOOSE({1,2},'Data Pengawas RA-MI'!$Q$5:$Q$62,'Data Pengawas RA-MI'!$D$5:$D$62),2,0)),"") -> L | M40: =IFERROR(IF(K40="","",VLOOKUP(K40,CHOOSE({1,2},'Data Pengawas RA-MI'!$Q$5:$Q$62,'Data Pengawas RA-MI'!$N$5:$N$62),2,0)),"") -> 24 Juni 2038 | N40: =IFERROR(IF(K40="","",VLOOKUP(K40,CHOOSE({1,2},'Data Pengawas RA-MI'!$Q$5:$Q$62,'Data Pengawas RA-MI'!$I$5:$I$62),2,0)),"") -> Pengawas RA, MI Kec. Tiris Timur | O40: =IFERROR(TEXT(IF(K40="","",VLOOKUP(K40,CHOOSE({1,2},'Data Pengawas RA-MI'!$Q$5:$Q$62,'Data Pengawas RA-MI'!$G$5:$G$62),2,0)),"DD MMMM YYYY"),"") -> 01 Juli 2024 | P40: =IFERROR(IF(K40="x","",W40),"") -> Pengawas RA,MI Kec. Tiris Timur | Q40: =IFERROR(IF(K40="","",VLOOKUP(K40,CHOOSE({1,2},'Data Pengawas RA-MI'!$Q$5:$Q$62,'Data Pengawas RA-MI'!$P$5:$P$62),2,0)),"") -> Tegalsiwalan | U40: Tiris Timur | W40: ="Pengawas RA,MI Kec. "&U40 -> Pengawas RA,MI Kec. Tiris Timur
B41: KRUCIL | C41: =COUNTIF('RA DATA'!$J$3:$J$421,'PETA_WAS_RA-MI'!B41) -> 35 | E41: =COUNTIF('MI DATA'!$I$3:$I$417,'PETA_WAS_RA-MI'!B41) -> 35 | G41: =SUM(C41,E41) -> 70 | H41: ='PETA-PENGAWAS'!H26 -> 4 | J41: =IF(K41="","",J40+1) -> 33 | K41: DIYAH TRI WAHTU UTAMI | L41: =IFERROR(IF(K41="","",VLOOKUP(K41,CHOOSE({1,2},'Data Pengawas RA-MI'!$Q$5:$Q$62,'Data Pengawas RA-MI'!$D$5:$D$62),2,0)),"") -> P | M41: =IFERROR(IF(K41="","",VLOOKUP(K41,CHOOSE({1,2},'Data Pengawas RA-MI'!$Q$5:$Q$62,'Data Pengawas RA-MI'!$N$5:$N$62),2,0)),"") -> 23 November 2029 | N41: =IFERROR(IF(K41="","",VLOOKUP(K41,CHOOSE({1,2},'Data Pengawas RA-MI'!$Q$5:$Q$62,'Data Pengawas RA-MI'!$I$5:$I$62),2,0)),"") -> Pengawas RA,MI Kec. Krucil | O41: =IFERROR(TEXT(IF(K41="","",VLOOKUP(K41,CHOOSE({1,2},'Data Pengawas RA-MI'!$Q$5:$Q$62,'Data Pengawas RA-MI'!$G$5:$G$62),2,0)),"DD MMMM YYYY"),"") -> 19 September 2022 | P41: =IFERROR(IF(K41="x","",W41),"") -> Pengawas RA,MI Kec. Krucil | Q41: =IFERROR(IF(K41="","",VLOOKUP(K41,CHOOSE({1,2},'Data Pengawas RA-MI'!$Q$5:$Q$62,'Data Pengawas RA-MI'!$P$5:$P$62),2,0)),"") -> Krucil | U41: Krucil | W41: ="Pengawas RA,MI Kec. "&U41 -> Pengawas RA,MI Kec. Krucil
J42: =IF(K42="","",J41+1) -> 34 | K42: ERNY KURNIAWATI | L42: =IFERROR(IF(K42="","",VLOOKUP(K42,CHOOSE({1,2},'Data Pengawas RA-MI'!$Q$5:$Q$62,'Data Pengawas RA-MI'!$D$5:$D$62),2,0)),"") -> P | M42: =IFERROR(IF(K42="","",VLOOKUP(K42,CHOOSE({1,2},'Data Pengawas RA-MI'!$Q$5:$Q$62,'Data Pengawas RA-MI'!$N$5:$N$62),2,0)),"") -> 07 Oktober 2026 | N42: =IFERROR(IF(K42="","",VLOOKUP(K42,CHOOSE({1,2},'Data Pengawas RA-MI'!$Q$5:$Q$62,'Data Pengawas RA-MI'!$I$5:$I$62),2,0)),"") -> Pengawas RA,MI Kec. Krucil | O42: =IFERROR(TEXT(IF(K42="","",VLOOKUP(K42,CHOOSE({1,2},'Data Pengawas RA-MI'!$Q$5:$Q$62,'Data Pengawas RA-MI'!$G$5:$G$62),2,0)),"DD MMMM YYYY"),"") -> 03 November 2022 | P42: =IFERROR(IF(K42="x","",W42),"") -> Pengawas RA,MI Kec. Krucil | Q42: =IFERROR(IF(K42="","",VLOOKUP(K42,CHOOSE({1,2},'Data Pengawas RA-MI'!$Q$5:$Q$62,'Data Pengawas RA-MI'!$P$5:$P$62),2,0)),"") -> Krucil | U42: Krucil | W42: ="Pengawas RA,MI Kec. "&U42 -> Pengawas RA,MI Kec. Krucil
J43: =IF(K43="","",J42+1) -> 35 | K43: ABDUL HAMID | L43: =IFERROR(IF(K43="","",VLOOKUP(K43,CHOOSE({1,2},'Data Pengawas RA-MI'!$Q$5:$Q$62,'Data Pengawas RA-MI'!$D$5:$D$62),2,0)),"") -> L | M43: =IFERROR(IF(K43="","",VLOOKUP(K43,CHOOSE({1,2},'Data Pengawas RA-MI'!$Q$5:$Q$62,'Data Pengawas RA-MI'!$N$5:$N$62),2,0)),"") -> 07 Maret 2033 | N43: =IFERROR(IF(K43="","",VLOOKUP(K43,CHOOSE({1,2},'Data Pengawas RA-MI'!$Q$5:$Q$62,'Data Pengawas RA-MI'!$I$5:$I$62),2,0)),"") -> Pengawas RA,MI Kec. Krejengan | O43: =IFERROR(TEXT(IF(K43="","",VLOOKUP(K43,CHOOSE({1,2},'Data Pengawas RA-MI'!$Q$5:$Q$62,'Data Pengawas RA-MI'!$G$5:$G$62),2,0)),"DD MMMM YYYY"),"") -> 01 Maret 2016 | P43: =IFERROR(IF(K43="x","",W43),"") -> Pengawas RA,MI Kec. Krucil | Q43: =IFERROR(IF(K43="","",VLOOKUP(K43,CHOOSE({1,2},'Data Pengawas RA-MI'!$Q$5:$Q$62,'Data Pengawas RA-MI'!$P$5:$P$62),2,0)),"") -> Gading | U43: Krucil | W43: ="Pengawas RA,MI Kec. "&U43 -> Pengawas RA,MI Kec. Krucil
J44: =IF(K44="","",J43+1) -> 36 | K44: VERY HIMAWAN | L44: =IFERROR(IF(K44="","",VLOOKUP(K44,CHOOSE({1,2},'Data Pengawas RA-MI'!$Q$5:$Q$62,'Data Pengawas RA-MI'!$D$5:$D$62),2,0)),"") -> P | M44: =IFERROR(IF(K44="","",VLOOKUP(K44,CHOOSE({1,2},'Data Pengawas RA-MI'!$Q$5:$Q$62,'Data Pengawas RA-MI'!$N$5:$N$62),2,0)),"") -> 12 November 2041 | N44: =IFERROR(IF(K44="","",VLOOKUP(K44,CHOOSE({1,2},'Data Pengawas RA-MI'!$Q$5:$Q$62,'Data Pengawas RA-MI'!$I$5:$I$62),2,0)),"") -> Pengawas RA, MI Kec. Tiris Barat | O44: =IFERROR(TEXT(IF(K44="","",VLOOKUP(K44,CHOOSE({1,2},'Data Pengawas RA-MI'!$Q$5:$Q$62,'Data Pengawas RA-MI'!$G$5:$G$62),2,0)),"DD MMMM YYYY"),"") -> 01 Juli 2024 | P44: =IFERROR(IF(K44="x","",W44),"") -> Pengawas RA,MI Kec. Krucil | Q44: =IFERROR(IF(K44="","",VLOOKUP(K44,CHOOSE({1,2},'Data Pengawas RA-MI'!$Q$5:$Q$62,'Data Pengawas RA-MI'!$P$5:$P$62),2,0)),"") -> Banyuanyar | U44: Krucil | W44: ="Pengawas RA,MI Kec. "&U44 -> Pengawas RA,MI Kec. Krucil
B45: PAJARAKAN | C45: =COUNTIF('RA DATA'!$J$3:$J$421,'PETA_WAS_RA-MI'!B45) -> 9 | E45: =COUNTIF('MI DATA'!$I$3:$I$417,'PETA_WAS_RA-MI'!B45) -> 10 | G45: =SUM(C45,E45) -> 19 | H45: ='PETA-PENGAWAS'!H27 -> 1 | J45: =IF(K45="","",J44+1) -> 37 | K45: UMU SALMA | L45: =IFERROR(IF(K45="","",VLOOKUP(K45,CHOOSE({1,2},'Data Pengawas RA-MI'!$Q$5:$Q$62,'Data Pengawas RA-MI'!$D$5:$D$62),2,0)),"") -> L | M45: =IFERROR(IF(K45="","",VLOOKUP(K45,CHOOSE({1,2},'Data Pengawas RA-MI'!$Q$5:$Q$62,'Data Pengawas RA-MI'!$N$5:$N$62),2,0)),"") -> 10 Juli 2034 | N45: =IFERROR(IF(K45="","",VLOOKUP(K45,CHOOSE({1,2},'Data Pengawas RA-MI'!$Q$5:$Q$62,'Data Pengawas RA-MI'!$I$5:$I$62),2,0)),"") -> Pengawas RA,MI Kec. Banyuanyar | O45: =IFERROR(TEXT(IF(K45="","",VLOOKUP(K45,CHOOSE({1,2},'Data Pengawas RA-MI'!$Q$5:$Q$62,'Data Pengawas RA-MI'!$G$5:$G$62),2,0)),"DD MMMM YYYY"),"") -> 01 Maret 2016 | P45: =IFERROR(IF(K45="x","",W45),"") -> Pengawas RA,MI Kec. Pajarakan | Q45: =IFERROR(IF(K45="","",VLOOKUP(K45,CHOOSE({1,2},'Data Pengawas RA-MI'!$Q$5:$Q$62,'Data Pengawas RA-MI'!$P$5:$P$62),2,0)),"") -> Tegalsiwalan | U45: Pajarakan | W45: ="Pengawas RA,MI Kec. "&U45 -> Pengawas RA,MI Kec. Pajarakan
B46: KREJENGAN | C46: =COUNTIF('RA DATA'!$J$3:$J$421,'PETA_WAS_RA-MI'!B46) -> 27 | E46: =COUNTIF('MI DATA'!$I$3:$I$417,'PETA_WAS_RA-MI'!B46) -> 26 | G46: =SUM(C46,E46) -> 53 | H46: ='PETA-PENGAWAS'!H28 -> 4 | J46: =IF(K46="","",J45+1) -> 38 | K46: ST. NURTAMAMI | L46: =IFERROR(IF(K46="","",VLOOKUP(K46,CHOOSE({1,2},'Data Pengawas RA-MI'!$Q$5:$Q$62,'Data Pengawas RA-MI'!$D$5:$D$62),2,0)),"") -> L | M46: =IFERROR(IF(K46="","",VLOOKUP(K46,CHOOSE({1,2},'Data Pengawas RA-MI'!$Q$5:$Q$62,'Data Pengawas RA-MI'!$N$5:$N$62),2,0)),"") -> 07 April 2027 | N46: =IFERROR(IF(K46="","",VLOOKUP(K46,CHOOSE({1,2},'Data Pengawas RA-MI'!$Q$5:$Q$62,'Data Pengawas RA-MI'!$I$5:$I$62),2,0)),"") -> Pengawas RA,MI Kec. Krejenagan | O46: =IFERROR(TEXT(IF(K46="","",VLOOKUP(K46,CHOOSE({1,2},'Data Pengawas RA-MI'!$Q$5:$Q$62,'Data Pengawas RA-MI'!$G$5:$G$62),2,0)),"DD MMMM YYYY"),"") -> 06 Desember 2021 | P46: =IFERROR(IF(K46="x","",W46),"") -> Pengawas RA,MI Kec. Krejengan | Q46: =IFERROR(IF(K46="","",VLOOKUP(K46,CHOOSE({1,2},'Data Pengawas RA-MI'!$Q$5:$Q$62,'Data Pengawas RA-MI'!$P$5:$P$62),2,0)),"") -> Gading | U46: Krejengan | W46: ="Pengawas RA,MI Kec. "&U46 -> Pengawas RA,MI Kec. Krejengan
J47: =IF(K47="","",J46+1) -> 39 | K47: MUHAMMAD ZUHDI HASAN | L47: =IFERROR(IF(K47="","",VLOOKUP(K47,CHOOSE({1,2},'Data Pengawas RA-MI'!$Q$5:$Q$62,'Data Pengawas RA-MI'!$D$5:$D$62),2,0)),"") -> L | M47: =IFERROR(IF(K47="","",VLOOKUP(K47,CHOOSE({1,2},'Data Pengawas RA-MI'!$Q$5:$Q$62,'Data Pengawas RA-MI'!$N$5:$N$62),2,0)),"") -> 21 Juli 2040 | N47: =IFERROR(IF(K47="","",VLOOKUP(K47,CHOOSE({1,2},'Data Pengawas RA-MI'!$Q$5:$Q$62,'Data Pengawas RA-MI'!$I$5:$I$62),2,0)),"") -> Pengawas RA,MI Kec. Gading | O47: =IFERROR(TEXT(IF(K47="","",VLOOKUP(K47,CHOOSE({1,2},'Data Pengawas RA-MI'!$Q$5:$Q$62,'Data Pengawas RA-MI'!$G$5:$G$62),2,0)),"DD MMMM YYYY"),"") -> 01 Juli 2024 | P47: =IFERROR(IF(K47="x","",W47),"") -> Pengawas RA,MI Kec. Krejengan | Q47: =IFERROR(IF(K47="","",VLOOKUP(K47,CHOOSE({1,2},'Data Pengawas RA-MI'!$Q$5:$Q$62,'Data Pengawas RA-MI'!$P$5:$P$62),2,0)),"") -> Kraksaan | U47: Krejengan | W47: ="Pengawas RA,MI Kec. "&U47 -> Pengawas RA,MI Kec. Krejengan
J48: =IF(K48="","",J47+1) -> 40 | K48: YUYUN NASROHAH | L48: =IFERROR(IF(K48="","",VLOOKUP(K48,CHOOSE({1,2},'Data Pengawas RA-MI'!$Q$5:$Q$62,'Data Pengawas RA-MI'!$D$5:$D$62),2,0)),"") -> L | M48: =IFERROR(IF(K48="","",VLOOKUP(K48,CHOOSE({1,2},'Data Pengawas RA-MI'!$Q$5:$Q$62,'Data Pengawas RA-MI'!$N$5:$N$62),2,0)),"") -> 24 Desember 2041 | N48: =IFERROR(IF(K48="","",VLOOKUP(K48,CHOOSE({1,2},'Data Pengawas RA-MI'!$Q$5:$Q$62,'Data Pengawas RA-MI'!$I$5:$I$62),2,0)),"") -> Pengawas RA,MI Kec. Pajarakan | O48: =IFERROR(TEXT(IF(K48="","",VLOOKUP(K48,CHOOSE({1,2},'Data Pengawas RA-MI'!$Q$5:$Q$62,'Data Pengawas RA-MI'!$G$5:$G$62),2,0)),"DD MMMM YYYY"),"") -> 01 Juli 2024 | P48: =IFERROR(IF(K48="x","",W48),"") -> Pengawas RA,MI Kec. Krejengan | Q48: =IFERROR(IF(K48="","",VLOOKUP(K48,CHOOSE({1,2},'Data Pengawas RA-MI'!$Q$5:$Q$62,'Data Pengawas RA-MI'!$P$5:$P$62),2,0)),"") -> Pajarakan | U48: Krejengan | W48: ="Pengawas RA,MI Kec. "&U48 -> Pengawas RA,MI Kec. Krejengan
J49: =IF(K49="","",J48+1) -> 41 | K49: NURUSSHOBAH AINUL LISZHA | L49: =IFERROR(IF(K49="","",VLOOKUP(K49,CHOOSE({1,2},'Data Pengawas RA-MI'!$Q$5:$Q$62,'Data Pengawas RA-MI'!$D$5:$D$62),2,0)),"") -> P | M49: =IFERROR(IF(K49="","",VLOOKUP(K49,CHOOSE({1,2},'Data Pengawas RA-MI'!$Q$5:$Q$62,'Data Pengawas RA-MI'!$N$5:$N$62),2,0)),"") -> 27 April 2040 | N49: =IFERROR(IF(K49="","",VLOOKUP(K49,CHOOSE({1,2},'Data Pengawas RA-MI'!$Q$5:$Q$62,'Data Pengawas RA-MI'!$I$5:$I$62),2,0)),"") -> Pengawas RA,MI Kec. Krejengan | O49: =IFERROR(TEXT(IF(K49="","",VLOOKUP(K49,CHOOSE({1,2},'Data Pengawas RA-MI'!$Q$5:$Q$62,'Data Pengawas RA-MI'!$G$5:$G$62),2,0)),"DD MMMM YYYY"),"") -> 01 Juni 2023 | P49: =IFERROR(IF(K49="x","",W49),"") -> Pengawas RA,MI Kec. Krejengan | Q49: =IFERROR(IF(K49="","",VLOOKUP(K49,CHOOSE({1,2},'Data Pengawas RA-MI'!$Q$5:$Q$62,'Data Pengawas RA-MI'!$P$5:$P$62),2,0)),"") -> Pajarakan | U49: Krejengan | W49: ="Pengawas RA,MI Kec. "&U49 -> Pengawas RA,MI Kec. Krejengan
B50: KRAKSAAN | C50: =COUNTIF('RA DATA'!$J$3:$J$421,'PETA_WAS_RA-MI'!B50) -> 20 | E50: =COUNTIF('MI DATA'!$I$3:$I$417,'PETA_WAS_RA-MI'!B50) -> 17 | G50: =SUM(C50,E50) -> 37 | H50: ='PETA-PENGAWAS'!H29 -> 3 | J50: =IF(K50="","",J49+1) -> 42 | K50: AMIR MAHMUD | L50: =IFERROR(IF(K50="","",VLOOKUP(K50,CHOOSE({1,2},'Data Pengawas RA-MI'!$Q$5:$Q$62,'Data Pengawas RA-MI'!$D$5:$D$62),2,0)),"") -> L | M50: =IFERROR(IF(K50="","",VLOOKUP(K50,CHOOSE({1,2},'Data Pengawas RA-MI'!$Q$5:$Q$62,'Data Pengawas RA-MI'!$N$5:$N$62),2,0)),"") -> 10 Desember 2025 | N50: =IFERROR(IF(K50="","",VLOOKUP(K50,CHOOSE({1,2},'Data Pengawas RA-MI'!$Q$5:$Q$62,'Data Pengawas RA-MI'!$I$5:$I$62),2,0)),"") -> Pengawas RA,MI Kec. Kraksaan | O50: =IFERROR(TEXT(IF(K50="","",VLOOKUP(K50,CHOOSE({1,2},'Data Pengawas RA-MI'!$Q$5:$Q$62,'Data Pengawas RA-MI'!$G$5:$G$62),2,0)),"DD MMMM YYYY"),"") -> 01 April 2019 | P50: =IFERROR(IF(K50="x","",W50),"") -> Pengawas RA,MI Kec. Kraksaan | Q50: =IFERROR(IF(K50="","",VLOOKUP(K50,CHOOSE({1,2},'Data Pengawas RA-MI'!$Q$5:$Q$62,'Data Pengawas RA-MI'!$P$5:$P$62),2,0)),"") -> Krejengan | U50: Kraksaan | W50: ="Pengawas RA,MI Kec. "&U50 -> Pengawas RA,MI Kec. Kraksaan
J51: =IF(K51="","",J50+1) -> 43 | K51: HOSNAN | L51: =IFERROR(IF(K51="","",VLOOKUP(K51,CHOOSE({1,2},'Data Pengawas RA-MI'!$Q$5:$Q$62,'Data Pengawas RA-MI'!$D$5:$D$62),2,0)),"") -> L | M51: =IFERROR(IF(K51="","",VLOOKUP(K51,CHOOSE({1,2},'Data Pengawas RA-MI'!$Q$5:$Q$62,'Data Pengawas RA-MI'!$N$5:$N$62),2,0)),"") -> 15 Juni 2043 | N51: =IFERROR(IF(K51="","",VLOOKUP(K51,CHOOSE({1,2},'Data Pengawas RA-MI'!$Q$5:$Q$62,'Data Pengawas RA-MI'!$I$5:$I$62),2,0)),"") -> Pengawas RA,MI Kec. Kraksaan | O51: =IFERROR(TEXT(IF(K51="","",VLOOKUP(K51,CHOOSE({1,2},'Data Pengawas RA-MI'!$Q$5:$Q$62,'Data Pengawas RA-MI'!$G$5:$G$62),2,0)),"DD MMMM YYYY"),"") -> 01 Oktober 2021 | P51: =IFERROR(IF(K51="x","",W51),"") -> Pengawas RA,MI Kec. Kraksaan | Q51: =IFERROR(IF(K51="","",VLOOKUP(K51,CHOOSE({1,2},'Data Pengawas RA-MI'!$Q$5:$Q$62,'Data Pengawas RA-MI'!$P$5:$P$62),2,0)),"") -> Dringu | U51: Kraksaan | W51: ="Pengawas RA,MI Kec. "&U51 -> Pengawas RA,MI Kec. Kraksaan
J52: =IF(K52="","",J51+1) -> 44 | K52: ANGGRE AFREANDINA | L52: =IFERROR(IF(K52="","",VLOOKUP(K52,CHOOSE({1,2},'Data Pengawas RA-MI'!$Q$5:$Q$62,'Data Pengawas RA-MI'!$D$5:$D$62),2,0)),"") -> P | M52: =IFERROR(IF(K52="","",VLOOKUP(K52,CHOOSE({1,2},'Data Pengawas RA-MI'!$Q$5:$Q$62,'Data Pengawas RA-MI'!$N$5:$N$62),2,0)),"") -> 04 April 2043 | N52: =IFERROR(IF(K52="","",VLOOKUP(K52,CHOOSE({1,2},'Data Pengawas RA-MI'!$Q$5:$Q$62,'Data Pengawas RA-MI'!$I$5:$I$62),2,0)),"") -> Pengawas RA,MI Kec. Krejengan | O52: =IFERROR(TEXT(IF(K52="","",VLOOKUP(K52,CHOOSE({1,2},'Data Pengawas RA-MI'!$Q$5:$Q$62,'Data Pengawas RA-MI'!$G$5:$G$62),2,0)),"DD MMMM YYYY"),"") -> 03 November 2022 | P52: =IFERROR(IF(K52="x","",W52),"") -> Pengawas RA,MI Kec. Kraksaan | Q52: =IFERROR(IF(K52="","",VLOOKUP(K52,CHOOSE({1,2},'Data Pengawas RA-MI'!$Q$5:$Q$62,'Data Pengawas RA-MI'!$P$5:$P$62),2,0)),"") -> Krejengan | U52: Kraksaan | W52: ="Pengawas RA,MI Kec. "&U52 -> Pengawas RA,MI Kec. Kraksaan
B53: BESUK | C53: =COUNTIF('RA DATA'!$J$3:$J$421,'PETA_WAS_RA-MI'!B53) -> 16 | E53: =COUNTIF('MI DATA'!$I$3:$I$417,'PETA_WAS_RA-MI'!B53) -> 16 | G53: =SUM(C53,E53) -> 32 | H53: ='PETA-PENGAWAS'!H30 -> 3 | J53: =IF(K53="","",J52+1) -> 45 | K53: SAIFUR RASYID | L53: =IFERROR(IF(K53="","",VLOOKUP(K53,CHOOSE({1,2},'Data Pengawas RA-MI'!$Q$5:$Q$62,'Data Pengawas RA-MI'!$D$5:$D$62),2,0)),"") -> L | M53: =IFERROR(IF(K53="","",VLOOKUP(K53,CHOOSE({1,2},'Data Pengawas RA-MI'!$Q$5:$Q$62,'Data Pengawas RA-MI'!$N$5:$N$62),2,0)),"") -> 15 Februari 2030 | N53: =IFERROR(IF(K53="","",VLOOKUP(K53,CHOOSE({1,2},'Data Pengawas RA-MI'!$Q$5:$Q$62,'Data Pengawas RA-MI'!$I$5:$I$62),2,0)),"") -> Pengawas RA,MI Kec. Besuk | O53: =IFERROR(TEXT(IF(K53="","",VLOOKUP(K53,CHOOSE({1,2},'Data Pengawas RA-MI'!$Q$5:$Q$62,'Data Pengawas RA-MI'!$G$5:$G$62),2,0)),"DD MMMM YYYY"),"") -> 01 Juli 2024 | P53: =IFERROR(IF(K53="x","",W53),"") -> Pengawas RA,MI Kec. Besuk | Q53: =IFERROR(IF(K53="","",VLOOKUP(K53,CHOOSE({1,2},'Data Pengawas RA-MI'!$Q$5:$Q$62,'Data Pengawas RA-MI'!$P$5:$P$62),2,0)),"") -> Pakuniran | U53: Besuk | W53: ="Pengawas RA,MI Kec. "&U53 -> Pengawas RA,MI Kec. Besuk
J54: =IF(K54="","",J53+1) -> 46 | K54: SUPRIADI | L54: =IFERROR(IF(K54="","",VLOOKUP(K54,CHOOSE({1,2},'Data Pengawas RA-MI'!$Q$5:$Q$62,'Data Pengawas RA-MI'!$D$5:$D$62),2,0)),"") -> L | M54: =IFERROR(IF(K54="","",VLOOKUP(K54,CHOOSE({1,2},'Data Pengawas RA-MI'!$Q$5:$Q$62,'Data Pengawas RA-MI'!$N$5:$N$62),2,0)),"") -> 14 Oktober 2037 | N54: =IFERROR(IF(K54="","",VLOOKUP(K54,CHOOSE({1,2},'Data Pengawas RA-MI'!$Q$5:$Q$62,'Data Pengawas RA-MI'!$I$5:$I$62),2,0)),"") -> Pengawas RA,MI Kec. Besuk | O54: =IFERROR(TEXT(IF(K54="","",VLOOKUP(K54,CHOOSE({1,2},'Data Pengawas RA-MI'!$Q$5:$Q$62,'Data Pengawas RA-MI'!$G$5:$G$62),2,0)),"DD MMMM YYYY"),"") -> 26 Juli 2024 | P54: =IFERROR(IF(K54="x","",W54),"") -> Pengawas RA,MI Kec. Besuk | Q54: =IFERROR(IF(K54="","",VLOOKUP(K54,CHOOSE({1,2},'Data Pengawas RA-MI'!$Q$5:$Q$62,'Data Pengawas RA-MI'!$P$5:$P$62),2,0)),"") -> Krejengan | U54: Besuk | W54: ="Pengawas RA,MI Kec. "&U54 -> Pengawas RA,MI Kec. Besuk
J55: =IF(K55="","",J54+1) -> 47 | K55: MANSUR | L55: =IFERROR(IF(K55="","",VLOOKUP(K55,CHOOSE({1,2},'Data Pengawas RA-MI'!$Q$5:$Q$62,'Data Pengawas RA-MI'!$D$5:$D$62),2,0)),"") -> L | M55: =IFERROR(IF(K55="","",VLOOKUP(K55,CHOOSE({1,2},'Data Pengawas RA-MI'!$Q$5:$Q$62,'Data Pengawas RA-MI'!$N$5:$N$62),2,0)),"") -> 08 April 2027 | N55: =IFERROR(IF(K55="","",VLOOKUP(K55,CHOOSE({1,2},'Data Pengawas RA-MI'!$Q$5:$Q$62,'Data Pengawas RA-MI'!$I$5:$I$62),2,0)),"") -> Pengawas RA,MI Kec. Pajarakan | O55: =IFERROR(TEXT(IF(K55="","",VLOOKUP(K55,CHOOSE({1,2},'Data Pengawas RA-MI'!$Q$5:$Q$62,'Data Pengawas RA-MI'!$G$5:$G$62),2,0)),"DD MMMM YYYY"),"") -> 01 Juli 2024 | P55: =IFERROR(IF(K55="x","",W55),"") -> Pengawas RA,MI Kec. Besuk | Q55: =IFERROR(IF(K55="","",VLOOKUP(K55,CHOOSE({1,2},'Data Pengawas RA-MI'!$Q$5:$Q$62,'Data Pengawas RA-MI'!$P$5:$P$62),2,0)),"") -> Kraksaan | U55: Besuk | W55: ="Pengawas RA,MI Kec. "&U55 -> Pengawas RA,MI Kec. Besuk
B56: KOTAANYAR | C56: =COUNTIF('RA DATA'!$J$3:$J$421,'PETA_WAS_RA-MI'!B56) -> 15 | E56: =COUNTIF('MI DATA'!$I$3:$I$417,'PETA_WAS_RA-MI'!B56) -> 14 | G56: =SUM(C56,E56) -> 29 | H56: ='PETA-PENGAWAS'!H31 -> 2 | J56: =IF(K56="","",J55+1) -> 48 | K56: ENY SULISTIANA | L56: =IFERROR(IF(K56="","",VLOOKUP(K56,CHOOSE({1,2},'Data Pengawas RA-MI'!$Q$5:$Q$62,'Data Pengawas RA-MI'!$D$5:$D$62),2,0)),"") -> P | M56: =IFERROR(IF(K56="","",VLOOKUP(K56,CHOOSE({1,2},'Data Pengawas RA-MI'!$Q$5:$Q$62,'Data Pengawas RA-MI'!$N$5:$N$62),2,0)),"") -> 21 April 2031 | N56: =IFERROR(IF(K56="","",VLOOKUP(K56,CHOOSE({1,2},'Data Pengawas RA-MI'!$Q$5:$Q$62,'Data Pengawas RA-MI'!$I$5:$I$62),2,0)),"") -> Pengawas RA,MI Kotaanyar | O56: =IFERROR(TEXT(IF(K56="","",VLOOKUP(K56,CHOOSE({1,2},'Data Pengawas RA-MI'!$Q$5:$Q$62,'Data Pengawas RA-MI'!$G$5:$G$62),2,0)),"DD MMMM YYYY"),"") -> 01 Juni 2024 | P56: =IFERROR(IF(K56="x","",W56),"") -> Pengawas RA,MI Kec. Kotaanyar | Q56: =IFERROR(IF(K56="","",VLOOKUP(K56,CHOOSE({1,2},'Data Pengawas RA-MI'!$Q$5:$Q$62,'Data Pengawas RA-MI'!$P$5:$P$62),2,0)),"") -> Paiton | U56: Kotaanyar | W56: ="Pengawas RA,MI Kec. "&U56 -> Pengawas RA,MI Kec. Kotaanyar
J57: =IF(K57="","",J56+1) -> 49 | K57: NASRULLAH | L57: =IFERROR(IF(K57="","",VLOOKUP(K57,CHOOSE({1,2},'Data Pengawas RA-MI'!$Q$5:$Q$62,'Data Pengawas RA-MI'!$D$5:$D$62),2,0)),"") -> L | M57: =IFERROR(IF(K57="","",VLOOKUP(K57,CHOOSE({1,2},'Data Pengawas RA-MI'!$Q$5:$Q$62,'Data Pengawas RA-MI'!$N$5:$N$62),2,0)),"") -> 14 Januari 2029 | N57: =IFERROR(IF(K57="","",VLOOKUP(K57,CHOOSE({1,2},'Data Pengawas RA-MI'!$Q$5:$Q$62,'Data Pengawas RA-MI'!$I$5:$I$62),2,0)),"") -> Pengawas RA,MI Kec. Besuk | O57: =IFERROR(TEXT(IF(K57="","",VLOOKUP(K57,CHOOSE({1,2},'Data Pengawas RA-MI'!$Q$5:$Q$62,'Data Pengawas RA-MI'!$G$5:$G$62),2,0)),"DD MMMM YYYY"),"") -> 03 November 2022 | P57: =IFERROR(IF(K57="x","",W57),"") -> Pengawas RA,MI Kec. Kotaanyar | Q57: =IFERROR(IF(K57="","",VLOOKUP(K57,CHOOSE({1,2},'Data Pengawas RA-MI'!$Q$5:$Q$62,'Data Pengawas RA-MI'!$P$5:$P$62),2,0)),"") -> Krejengan | U57: Kotaanyar | W57: ="Pengawas RA,MI Kec. "&U57 -> Pengawas RA,MI Kec. Kotaanyar
B58: PAKUNIRAN | C58: =COUNTIF('RA DATA'!$J$3:$J$421,'PETA_WAS_RA-MI'!B58) -> 25 | E58: =COUNTIF('MI DATA'!$I$3:$I$417,'PETA_WAS_RA-MI'!B58) -> 25 | G58: =SUM(C58,E58) -> 50 | H58: ='PETA-PENGAWAS'!H32 -> 4 | J58: =IF(K58="","",J57+1) -> 50 | K58: ABD. HALIM | L58: =IFERROR(IF(K58="","",VLOOKUP(K58,CHOOSE({1,2},'Data Pengawas RA-MI'!$Q$5:$Q$62,'Data Pengawas RA-MI'!$D$5:$D$62),2,0)),"") -> L | M58: =IFERROR(IF(K58="","",VLOOKUP(K58,CHOOSE({1,2},'Data Pengawas RA-MI'!$Q$5:$Q$62,'Data Pengawas RA-MI'!$N$5:$N$62),2,0)),"") -> 10 Juli 2030 | N58: =IFERROR(IF(K58="","",VLOOKUP(K58,CHOOSE({1,2},'Data Pengawas RA-MI'!$Q$5:$Q$62,'Data Pengawas RA-MI'!$I$5:$I$62),2,0)),"") -> Pengawas RA,MI Kec. Pakuniran | O58: =IFERROR(TEXT(IF(K58="","",VLOOKUP(K58,CHOOSE({1,2},'Data Pengawas RA-MI'!$Q$5:$Q$62,'Data Pengawas RA-MI'!$G$5:$G$62),2,0)),"DD MMMM YYYY"),"") -> 01 Januari 2021 | P58: =IFERROR(IF(K58="x","",W58),"") -> Pengawas RA,MI Kec. Pakuniran | Q58: =IFERROR(IF(K58="","",VLOOKUP(K58,CHOOSE({1,2},'Data Pengawas RA-MI'!$Q$5:$Q$62,'Data Pengawas RA-MI'!$P$5:$P$62),2,0)),"") -> Gading | U58: Pakuniran | W58: ="Pengawas RA,MI Kec. "&U58 -> Pengawas RA,MI Kec. Pakuniran
J59: =IF(K59="","",J58+1) -> 51 | K59: ABDUS SAMAT | L59: =IFERROR(IF(K59="","",VLOOKUP(K59,CHOOSE({1,2},'Data Pengawas RA-MI'!$Q$5:$Q$62,'Data Pengawas RA-MI'!$D$5:$D$62),2,0)),"") -> L | M59: =IFERROR(IF(K59="","",VLOOKUP(K59,CHOOSE({1,2},'Data Pengawas RA-MI'!$Q$5:$Q$62,'Data Pengawas RA-MI'!$N$5:$N$62),2,0)),"") -> 18 Juni 2036 | N59: =IFERROR(IF(K59="","",VLOOKUP(K59,CHOOSE({1,2},'Data Pengawas RA-MI'!$Q$5:$Q$62,'Data Pengawas RA-MI'!$I$5:$I$62),2,0)),"") -> Pengawas RA,MI Kec. Pakuniran | O59: =IFERROR(TEXT(IF(K59="","",VLOOKUP(K59,CHOOSE({1,2},'Data Pengawas RA-MI'!$Q$5:$Q$62,'Data Pengawas RA-MI'!$G$5:$G$62),2,0)),"DD MMMM YYYY"),"") -> 01 Juli 2024 | P59: =IFERROR(IF(K59="x","",W59),"") -> Pengawas RA,MI Kec. Pakuniran | Q59: =IFERROR(IF(K59="","",VLOOKUP(K59,CHOOSE({1,2},'Data Pengawas RA-MI'!$Q$5:$Q$62,'Data Pengawas RA-MI'!$P$5:$P$62),2,0)),"") -> Besuk | U59: Pakuniran | W59: ="Pengawas RA,MI Kec. "&U59 -> Pengawas RA,MI Kec. Pakuniran
J60: =IF(K60="","",J59+1) -> 52 | K60: ZAINUL HASAN | L60: =IFERROR(IF(K60="","",VLOOKUP(K60,CHOOSE({1,2},'Data Pengawas RA-MI'!$Q$5:$Q$62,'Data Pengawas RA-MI'!$D$5:$D$62),2,0)),"") -> P | M60: =IFERROR(IF(K60="","",VLOOKUP(K60,CHOOSE({1,2},'Data Pengawas RA-MI'!$Q$5:$Q$62,'Data Pengawas RA-MI'!$N$5:$N$62),2,0)),"") -> 17 November 2038 | N60: =IFERROR(IF(K60="","",VLOOKUP(K60,CHOOSE({1,2},'Data Pengawas RA-MI'!$Q$5:$Q$62,'Data Pengawas RA-MI'!$I$5:$I$62),2,0)),"") -> Pengawas RA,MI Kec. Pakuniran | O60: =IFERROR(TEXT(IF(K60="","",VLOOKUP(K60,CHOOSE({1,2},'Data Pengawas RA-MI'!$Q$5:$Q$62,'Data Pengawas RA-MI'!$G$5:$G$62),2,0)),"DD MMMM YYYY"),"") -> 01 Maret 2023 | P60: =IFERROR(IF(K60="x","",W60),"") -> Pengawas RA,MI Kec. Pakuniran | Q60: =IFERROR(IF(K60="","",VLOOKUP(K60,CHOOSE({1,2},'Data Pengawas RA-MI'!$Q$5:$Q$62,'Data Pengawas RA-MI'!$P$5:$P$62),2,0)),"") -> Paiton | U60: Pakuniran | W60: ="Pengawas RA,MI Kec. "&U60 -> Pengawas RA,MI Kec. Pakuniran
J61: =IF(K61="","",J60+1) -> 53 | K61: SYARIFAH | L61: =IFERROR(IF(K61="","",VLOOKUP(K61,CHOOSE({1,2},'Data Pengawas RA-MI'!$Q$5:$Q$62,'Data Pengawas RA-MI'!$D$5:$D$62),2,0)),"") -> P | M61: =IFERROR(IF(K61="","",VLOOKUP(K61,CHOOSE({1,2},'Data Pengawas RA-MI'!$Q$5:$Q$62,'Data Pengawas RA-MI'!$N$5:$N$62),2,0)),"") -> 27 Juli 2029 | N61: =IFERROR(IF(K61="","",VLOOKUP(K61,CHOOSE({1,2},'Data Pengawas RA-MI'!$Q$5:$Q$62,'Data Pengawas RA-MI'!$I$5:$I$62),2,0)),"") -> Pengawas RA,MI Kec. Pakuniran | O61: =IFERROR(TEXT(IF(K61="","",VLOOKUP(K61,CHOOSE({1,2},'Data Pengawas RA-MI'!$Q$5:$Q$62,'Data Pengawas RA-MI'!$G$5:$G$62),2,0)),"DD MMMM YYYY"),"") -> 03 November 2022 | P61: =IFERROR(IF(K61="x","",W61),"") -> Pengawas RA,MI Kec. Pakuniran | Q61: =IFERROR(IF(K61="","",VLOOKUP(K61,CHOOSE({1,2},'Data Pengawas RA-MI'!$Q$5:$Q$62,'Data Pengawas RA-MI'!$P$5:$P$62),2,0)),"") -> Pakuniran | U61: Pakuniran | W61: ="Pengawas RA,MI Kec. "&U61 -> Pengawas RA,MI Kec. Pakuniran
B62: PAITON | C62: =COUNTIF('RA DATA'!$J$3:$J$421,'PETA_WAS_RA-MI'!B62) -> 19 | E62: =COUNTIF('MI DATA'!$I$3:$I$417,'PETA_WAS_RA-MI'!B62) -> 23 | G62: =SUM(C62,E62) -> 42 | H62: ='PETA-PENGAWAS'!H33 -> 4 | J62: =IF(K62="","",J61+1) -> 54 | K62: A. SULHAN | L62: =IFERROR(IF(K62="","",VLOOKUP(K62,CHOOSE({1,2},'Data Pengawas RA-MI'!$Q$5:$Q$62,'Data Pengawas RA-MI'!$D$5:$D$62),2,0)),"") -> L | M62: =IFERROR(IF(K62="","",VLOOKUP(K62,CHOOSE({1,2},'Data Pengawas RA-MI'!$Q$5:$Q$62,'Data Pengawas RA-MI'!$N$5:$N$62),2,0)),"") -> 20 Juli 2025 | N62: =IFERROR(IF(K62="","",VLOOKUP(K62,CHOOSE({1,2},'Data Pengawas RA-MI'!$Q$5:$Q$62,'Data Pengawas RA-MI'!$I$5:$I$62),2,0)),"") -> Pengawas RA,MI Kec. Paiton | O62: =IFERROR(TEXT(IF(K62="","",VLOOKUP(K62,CHOOSE({1,2},'Data Pengawas RA-MI'!$Q$5:$Q$62,'Data Pengawas RA-MI'!$G$5:$G$62),2,0)),"DD MMMM YYYY"),"") -> 01 Juli 2024 | P62: =IFERROR(IF(K62="x","",W62),"") -> Pengawas RA,MI Kec. Paiton | Q62: =IFERROR(IF(K62="","",VLOOKUP(K62,CHOOSE({1,2},'Data Pengawas RA-MI'!$Q$5:$Q$62,'Data Pengawas RA-MI'!$P$5:$P$62),2,0)),"") -> Paiton | U62: Paiton | W62: ="Pengawas RA,MI Kec. "&U62 -> Pengawas RA,MI Kec. Paiton
J63: =IF(K63="","",J62+1) -> 55 | K63: BAKRI | L63: =IFERROR(IF(K63="","",VLOOKUP(K63,CHOOSE({1,2},'Data Pengawas RA-MI'!$Q$5:$Q$62,'Data Pengawas RA-MI'!$D$5:$D$62),2,0)),"") -> L | M63: =IFERROR(IF(K63="","",VLOOKUP(K63,CHOOSE({1,2},'Data Pengawas RA-MI'!$Q$5:$Q$62,'Data Pengawas RA-MI'!$N$5:$N$62),2,0)),"") -> 10 Juni 2025 | N63: =IFERROR(IF(K63="","",VLOOKUP(K63,CHOOSE({1,2},'Data Pengawas RA-MI'!$Q$5:$Q$62,'Data Pengawas RA-MI'!$I$5:$I$62),2,0)),"") -> Pengawas RA,MI Kec. Paiton | O63: =IFERROR(TEXT(IF(K63="","",VLOOKUP(K63,CHOOSE({1,2},'Data Pengawas RA-MI'!$Q$5:$Q$62,'Data Pengawas RA-MI'!$G$5:$G$62),2,0)),"DD MMMM YYYY"),"") -> 01 Oktober 2021 | P63: =IFERROR(IF(K63="x","",W63),"") -> Pengawas RA,MI Kec. Paiton | Q63: =IFERROR(IF(K63="","",VLOOKUP(K63,CHOOSE({1,2},'Data Pengawas RA-MI'!$Q$5:$Q$62,'Data Pengawas RA-MI'!$P$5:$P$62),2,0)),"") -> Kotaanyar | U63: Paiton | W63: ="Pengawas RA,MI Kec. "&U63 -> Pengawas RA,MI Kec. Paiton
J64: =IF(K64="","",J63+1) -> 56 | K64: NURUL LATIFAH | L64: =IFERROR(IF(K64="","",VLOOKUP(K64,CHOOSE({1,2},'Data Pengawas RA-MI'!$Q$5:$Q$62,'Data Pengawas RA-MI'!$D$5:$D$62),2,0)),"") -> P | M64: =IFERROR(IF(K64="","",VLOOKUP(K64,CHOOSE({1,2},'Data Pengawas RA-MI'!$Q$5:$Q$62,'Data Pengawas RA-MI'!$N$5:$N$62),2,0)),"") -> 12 September 2032 | N64: =IFERROR(IF(K64="","",VLOOKUP(K64,CHOOSE({1,2},'Data Pengawas RA-MI'!$Q$5:$Q$62,'Data Pengawas RA-MI'!$I$5:$I$62),2,0)),"") -> Pengawas RA,MI Kec. Paiton | O64: =IFERROR(TEXT(IF(K64="","",VLOOKUP(K64,CHOOSE({1,2},'Data Pengawas RA-MI'!$Q$5:$Q$62,'Data Pengawas RA-MI'!$G$5:$G$62),2,0)),"DD MMMM YYYY"),"") -> 01 Juli 2024 | P64: =IFERROR(IF(K64="x","",W64),"") -> Pengawas RA,MI Kec. Paiton | Q64: =IFERROR(IF(K64="","",VLOOKUP(K64,CHOOSE({1,2},'Data Pengawas RA-MI'!$Q$5:$Q$62,'Data Pengawas RA-MI'!$P$5:$P$62),2,0)),"") -> Kraksaan | U64: Paiton | W64: ="Pengawas RA,MI Kec. "&U64 -> Pengawas RA,MI Kec. Paiton
J65: =IF(K65="","",J64+1) -> 57 | K65: SOPAN SAURI | L65: =IFERROR(IF(K65="","",VLOOKUP(K65,CHOOSE({1,2},'Data Pengawas RA-MI'!$Q$5:$Q$62,'Data Pengawas RA-MI'!$D$5:$D$62),2,0)),"") -> P | M65: =IFERROR(IF(K65="","",VLOOKUP(K65,CHOOSE({1,2},'Data Pengawas RA-MI'!$Q$5:$Q$62,'Data Pengawas RA-MI'!$N$5:$N$62),2,0)),"") -> 11 Agustus 2030 | N65: =IFERROR(IF(K65="","",VLOOKUP(K65,CHOOSE({1,2},'Data Pengawas RA-MI'!$Q$5:$Q$62,'Data Pengawas RA-MI'!$I$5:$I$62),2,0)),"") -> Pengawas RA,MI Kec. Paiton | O65: =IFERROR(TEXT(IF(K65="","",VLOOKUP(K65,CHOOSE({1,2},'Data Pengawas RA-MI'!$Q$5:$Q$62,'Data Pengawas RA-MI'!$G$5:$G$62),2,0)),"DD MMMM YYYY"),"") -> 01 Januari 2021 | P65: =IFERROR(IF(K65="x","",W65),"") -> Pengawas RA,MI Kec. Paiton | Q65: =IFERROR(IF(K65="","",VLOOKUP(K65,CHOOSE({1,2},'Data Pengawas RA-MI'!$Q$5:$Q$62,'Data Pengawas RA-MI'!$P$5:$P$62),2,0)),"") -> Paiton | U65: Paiton | W65: ="Pengawas RA,MI Kec. "&U65 -> Pengawas RA,MI Kec. Paiton
B66: JUMLAH | C66: =SUM($C$6:$C$62) -> 419 | D66: =SUM(D6:D62) -> 0 | E66: =SUM($E$6:$E$62) -> 415 | F66: =SUM(F6:F62) -> 0 | G66: =SUM($G$6:$G$62) -> 834 | H66: =SUM(H6:H62) -> 59 | K66: Perempuan | L66: =COUNTIF($L$6:$L$65,"P") -> 23 | M66: =SUM(L66:L67) -> 58
K67: Laki-laki | L67: =COUNTIF($L$6:$L$65,"L") -> 35

Sheet PETA-WAS_MTs-MA
B1: DESKRIPSI PEMBAGIAN KUOTA PENGAWAS MTs/MA DAN WILAYAH BINAAN 2025 | J1: PEMBAGIAN KUOTA PENGAWAS MTS/MA DAN WILAYAH BINAAN 2025
B2: JUMLAH PENGAWAS MTs/MA | E2: ='PETA-PENGAWAS'!P2 -> 20
B4: KECAMATAN | C4: JUMLAH | G4: QUATA | H4: LEMBAGA | I4: NO | J4: NAMA PENGAWAS | K4: JENIS | L4: TMT PENSIUN | M4: WILAYAH LAMA | N4: TMT SP | O4: WILAYAH BARU | P4: ALAMAT RUMAH
C5: MTs | D5: QUATA PENGAWAS | E5: MA | F5: MTs/MA | G5: PENGAWAS | H5: TAMBAHAN | K5: KELAMIN
B6: SUMBER | C6: ='PETA-PENGAWAS'!L8 -> 0 | E6: ='PETA-PENGAWAS'!N8 -> 0 | F6: =SUM(C6:E6) -> 0 | K6: =IF(J6="","",VLOOKUP(J6,CHOOSE({1,2},'Data Pengawas MTS-MA'!$P$5:$P$24,'Data Pengawas MTS-MA'!$D$5:$D$24),2,0)) | L6: =IF(J6="","",VLOOKUP(J6,CHOOSE({1,2},'Data Pengawas MTS-MA'!$P$5:$P$24,'Data Pengawas MTS-MA'!$M$5:$M$24),2,0)) | M6: =IF(J6="","",VLOOKUP(J6,CHOOSE({1,2},'Data Pengawas MTS-MA'!$P$5:$P$24,'Data Pengawas MTS-MA'!$H$5:$H$24),2,0)) | N6: =TEXT(IF(J6="","",VLOOKUP(J6,CHOOSE({1,2},'Data Pengawas MTS-MA'!$P$5:$P$24,'Data Pengawas MTS-MA'!$F$5:$F$24),2,0)),"DD MMMM YYYY") | O6: =IF(J6="","",W6) | P6: =IF(J6="","",VLOOKUP(J6,CHOOSE({1,2},'Data Pengawas MTS-MA'!$P$5:$P$24,'Data Pengawas MTS-MA'!$O$5:$O$24),2,0)) | V6: Sumber | W6: ="Pengawas MTs, MA Kec. "&V6 -> Pengawas MTs, MA Kec. Sumber
B7: SUKAPURA | C7: ='PETA-PENGAWAS'!L9 -> 0 | E7: ='PETA-PENGAWAS'!N9 -> 0 | F7: =SUM(C7:E7) -> 0 | K7: =IF(J7="","",VLOOKUP(J7,CHOOSE({1,2},'Data Pengawas MTS-MA'!$P$5:$P$24,'Data Pengawas MTS-MA'!$D$5:$D$24),2,0)) | L7: =IF(J7="","",VLOOKUP(J7,CHOOSE({1,2},'Data Pengawas MTS-MA'!$P$5:$P$24,'Data Pengawas MTS-MA'!$M$5:$M$24),2,0)) | M7: =IF(J7="","",VLOOKUP(J7,CHOOSE({1,2},'Data Pengawas MTS-MA'!$P$5:$P$24,'Data Pengawas MTS-MA'!$H$5:$H$24),2,0)) | N7: =TEXT(IF(J7="","",VLOOKUP(J7,CHOOSE({1,2},'Data Pengawas MTS-MA'!$P$5:$P$24,'Data Pengawas MTS-MA'!$F$5:$F$24),2,0)),"DD MMMM YYYY") | P7: =IF(J7="","",VLOOKUP(J7,CHOOSE({1,2},'Data Pengawas MTS-MA'!$P$5:$P$24,'Data Pengawas MTS-MA'!$O$5:$O$24),2,0)) | V7: Sukapura | W7: ="Pengawas MTs, MA Kec. "&V7 -> Pengawas MTs, MA Kec. Sukapura
B8: LUMBANG | C8: ='PETA-PENGAWAS'!L10 -> 4 | E8: ='PETA-PENGAWAS'!N10 -> 3 | F8: =SUM(C8:E8) -> 7 | G8: ='PETA-PENGAWAS'!P8 -> 1 | I8: 1 | J8: SUPARMAN | K8: =IFERROR(IF(J8="","",VLOOKUP(J8,CHOOSE({1,2},'Data Pengawas MTS-MA'!$P$5:$P$24,'Data Pengawas MTS-MA'!$D$5:$D$24),2,0)),"") -> L | L8: =IFERROR(IF(J8="","",VLOOKUP(J8,CHOOSE({1,2},'Data Pengawas MTS-MA'!$P$5:$P$24,'Data Pengawas MTS-MA'!$M$5:$M$24),2,0)),"") -> 04 September 2033 | M8: =IFERROR(IF(J8="","",VLOOKUP(J8,CHOOSE({1,2},'Data Pengawas MTS-MA'!$P$5:$P$24,'Data Pengawas MTS-MA'!$H$5:$H$24),2,0)),"") -> Pengawas MTs,MA Kec. Tongas,Lumbang,Sumberasih | N8: =IFERROR(TEXT(IF(J8="","",VLOOKUP(J8,CHOOSE({1,2},'Data Pengawas MTS-MA'!$P$5:$P$24,'Data Pengawas MTS-MA'!$F$5:$F$24),2,0)),"DD MMMM YYYY"),"") -> 17 Juli 2023 | O8: =IFERROR(IF(K8="","",W8),"") -> Pengawas MTs, MA Kec. Lumbang, Tongas, Kuripan | P8: =IFERROR(IF(J8="","",VLOOKUP(J8,CHOOSE({1,2},'Data Pengawas MTS-MA'!$P$5:$P$24,'Data Pengawas MTS-MA'!$O$5:$O$24),2,0)),"") -> Sumberasih | V8: Lumbang, Tongas, Kuripan | W8: ="Pengawas MTs, MA Kec. "&V8 -> Pengawas MTs, MA Kec. Lumbang, Tongas, Kuripan
B9: TONGAS | C9: ='PETA-PENGAWAS'!L11 -> 4 | E9: ='PETA-PENGAWAS'!N11 -> 2 | F9: =SUM(C9:E9) -> 6 | V9: Tongas | W9: ="Pengawas MTs, MA Kec. "&V9 -> Pengawas MTs, MA Kec. Tongas
B10: KURIPAN | C10: ='PETA-PENGAWAS'!L13 -> 4 | E10: ='PETA-PENGAWAS'!N13 -> 1 | F10: =SUM(C10:E10) -> 5 | V10: Kuripan | W10: ="Pengawas MTs, MA Kec. "&V10 -> Pengawas MTs, MA Kec. Kuripan
B11: SUMBERASIH | C11: ='PETA-PENGAWAS'!L15 -> 8 | E11: ='PETA-PENGAWAS'!N15 -> 4 | F11: =SUM(C11:E11) -> 12 | G11: ='PETA-PENGAWAS'!P15 -> 1 | I11: 2 | J11: NURHOIRIYAH | K11: =IFERROR(IF(J11="","",VLOOKUP(J11,CHOOSE({1,2},'Data Pengawas MTS-MA'!$P$5:$P$24,'Data Pengawas MTS-MA'!$D$5:$D$24),2,0)),"") -> P | L11: =IFERROR(IF(J11="","",VLOOKUP(J11,CHOOSE({1,2},'Data Pengawas MTS-MA'!$P$5:$P$24,'Data Pengawas MTS-MA'!$M$5:$M$24),2,0)),"") -> 06 Mei 2031 | M11: =IFERROR(IF(J11="","",VLOOKUP(J11,CHOOSE({1,2},'Data Pengawas MTS-MA'!$P$5:$P$24,'Data Pengawas MTS-MA'!$H$5:$H$24),2,0)),"") -> Pengawas MTs,MA Kec. Wonomerto, Bantaran | N11: =IFERROR(TEXT(IF(J11="","",VLOOKUP(J11,CHOOSE({1,2},'Data Pengawas MTS-MA'!$P$5:$P$24,'Data Pengawas MTS-MA'!$F$5:$F$24),2,0)),"DD MMMM YYYY"),"") -> 01 Juni 2023 | O11: =IFERROR(IF(K11="","",W11),"") -> Pengawas MTs, MA Kec. Sumberasih,Wonomerto | P11: =IFERROR(IF(J11="","",VLOOKUP(J11,CHOOSE({1,2},'Data Pengawas MTS-MA'!$P$5:$P$24,'Data Pengawas MTS-MA'!$O$5:$O$24),2,0)),"") -> Sumberasih | V11: Sumberasih,Wonomerto | W11: ="Pengawas MTs, MA Kec. "&V11 -> Pengawas MTs, MA Kec. Sumberasih,Wonomerto
B12: WONOMERTO | C12: ='PETA-PENGAWAS'!L12 -> 6 | E12: ='PETA-PENGAWAS'!N12 -> 2 | F12: =SUM(C12:E12) -> 8 | G12: ='PETA-PENGAWAS'!P12 -> 1 | V12: Wonomerto | W12: ="Pengawas MTs, MA Kec. "&V12 -> Pengawas MTs, MA Kec. Wonomerto
B13: BANTARAN | C13: ='PETA-PENGAWAS'!L14 -> 13 | E13: ='PETA-PENGAWAS'!N14 -> 7 | F13: =SUM(C13:E13) -> 20 | G13: ='PETA-PENGAWAS'!P14 -> 1 | I13: 3 | J13: RACHMAWATI | K13: =IFERROR(IF(J13="","",VLOOKUP(J13,CHOOSE({1,2},'Data Pengawas MTS-MA'!$P$5:$P$24,'Data Pengawas MTS-MA'!$D$5:$D$24),2,0)),"") -> P | L13: =IFERROR(IF(J13="","",VLOOKUP(J13,CHOOSE({1,2},'Data Pengawas MTS-MA'!$P$5:$P$24,'Data Pengawas MTS-MA'!$M$5:$M$24),2,0)),"") -> 29 Desember 2031 | M13: =IFERROR(IF(J13="","",VLOOKUP(J13,CHOOSE({1,2},'Data Pengawas MTS-MA'!$P$5:$P$24,'Data Pengawas MTS-MA'!$H$5:$H$24),2,0)),"") -> Pengawas MTs Kec. Kuripan, Lumbang, Bantaran | N13: =IFERROR(TEXT(IF(J13="","",VLOOKUP(J13,CHOOSE({1,2},'Data Pengawas MTS-MA'!$P$5:$P$24,'Data Pengawas MTS-MA'!$F$5:$F$24),2,0)),"DD MMMM YYYY"),"") -> 01 Oktober 2023 | O13: =IFERROR(IF(K13="","",W13),"") -> Pengawas MTs, MA Kec. Bantaran | P13: =IFERROR(IF(J13="","",VLOOKUP(J13,CHOOSE({1,2},'Data Pengawas MTS-MA'!$P$5:$P$24,'Data Pengawas MTS-MA'!$O$5:$O$24),2,0)),"") -> Bantaran | V13: Bantaran | W13: ="Pengawas MTs, MA Kec. "&V13 -> Pengawas MTs, MA Kec. Bantaran
B14: GENDING | C14: ='PETA-PENGAWAS'!L16 -> 12 | E14: ='PETA-PENGAWAS'!N16 -> 7 | F14: =SUM(C14:E14) -> 19 | G14: ='PETA-PENGAWAS'!P16 -> 2 | I14: 4 | J14: SULISTYOWATI | K14: =IFERROR(IF(J14="","",VLOOKUP(J14,CHOOSE({1,2},'Data Pengawas MTS-MA'!$P$5:$P$24,'Data Pengawas MTS-MA'!$D$5:$D$24),2,0)),"") -> L | L14: =IFERROR(IF(J14="","",VLOOKUP(J14,CHOOSE({1,2},'Data Pengawas MTS-MA'!$P$5:$P$24,'Data Pengawas MTS-MA'!$M$5:$M$24),2,0)),"") -> 27 April 2042 | M14: =IFERROR(IF(J14="","",VLOOKUP(J14,CHOOSE({1,2},'Data Pengawas MTS-MA'!$P$5:$P$24,'Data Pengawas MTS-MA'!$H$5:$H$24),2,0)),"") -> Pengawas MTs,MA Kec. Gending | N14: =IFERROR(TEXT(IF(J14="","",VLOOKUP(J14,CHOOSE({1,2},'Data Pengawas MTS-MA'!$P$5:$P$24,'Data Pengawas MTS-MA'!$F$5:$F$24),2,0)),"DD MMMM YYYY"),"") -> 25 Mei 2023 | O14: =IFERROR(IF(K14="","",W14),"") -> Pengawas MTs, MA Kec. Gending | P14: =IFERROR(IF(J14="","",VLOOKUP(J14,CHOOSE({1,2},'Data Pengawas MTS-MA'!$P$5:$P$24,'Data Pengawas MTS-MA'!$O$5:$O$24),2,0)),"") -> Dringu | V14: Gending | W14: ="Pengawas MTs, MA Kec. "&V14 -> Pengawas MTs, MA Kec. Gending
I15: 5 | J15: R. ACH. CHOIRUL FATAH | K15: =IFERROR(IF(J15="","",VLOOKUP(J15,CHOOSE({1,2},'Data Pengawas MTS-MA'!$P$5:$P$24,'Data Pengawas MTS-MA'!$D$5:$D$24),2,0)),"") -> L | L15: =IFERROR(IF(J15="","",VLOOKUP(J15,CHOOSE({1,2},'Data Pengawas MTS-MA'!$P$5:$P$24,'Data Pengawas MTS-MA'!$M$5:$M$24),2,0)),"") -> 04 Agustus 2038 | M15: =IFERROR(IF(J15="","",VLOOKUP(J15,CHOOSE({1,2},'Data Pengawas MTS-MA'!$P$5:$P$24,'Data Pengawas MTS-MA'!$H$5:$H$24),2,0)),"") -> Pengawas MTs,MA Kec. Gending,Sumberasih, Tongas, Kuripan, Lumbang | N15: =IFERROR(TEXT(IF(J15="","",VLOOKUP(J15,CHOOSE({1,2},'Data Pengawas MTS-MA'!$P$5:$P$24,'Data Pengawas MTS-MA'!$F$5:$F$24),2,0)),"DD MMMM YYYY"),"") -> 01 Oktober 2021 | O15: =IFERROR(IF(K15="","",W15),"") -> Pengawas MTs, MA Kec. Gending | P15: =IFERROR(IF(J15="","",VLOOKUP(J15,CHOOSE({1,2},'Data Pengawas MTS-MA'!$P$5:$P$24,'Data Pengawas MTS-MA'!$O$5:$O$24),2,0)),"") -> Wonoasih | V15: Gending | W15: ="Pengawas MTs, MA Kec. "&V15 -> Pengawas MTs, MA Kec. Gending
B16: LECES | C16: ='PETA-PENGAWAS'!L18 -> 14 | E16: ='PETA-PENGAWAS'!N18 -> 7 | F16: =SUM(C16:E16) -> 21 | G16: ='PETA-PENGAWAS'!P18 -> 2 | J16: R. ACH. CHOIRUL FATAH | K16: =IFERROR(IF(J16="","",VLOOKUP(J16,CHOOSE({1,2},'Data Pengawas MTS-MA'!$P$5:$P$24,'Data Pengawas MTS-MA'!$D$5:$D$24),2,0)),"") -> L | L16: =IFERROR(IF(J16="","",VLOOKUP(J16,CHOOSE({1,2},'Data Pengawas MTS-MA'!$P$5:$P$24,'Data Pengawas MTS-MA'!$M$5:$M$24),2,0)),"") -> 04 Agustus 2038 | M16: =IFERROR(IF(J16="","",VLOOKUP(J16,CHOOSE({1,2},'Data Pengawas MTS-MA'!$P$5:$P$24,'Data Pengawas MTS-MA'!$H$5:$H$24),2,0)),"") -> Pengawas MTs,MA Kec. Gending,Sumberasih, Tongas, Kuripan, Lumbang | N16: =IFERROR(TEXT(IF(J16="","",VLOOKUP(J16,CHOOSE({1,2},'Data Pengawas MTS-MA'!$P$5:$P$24,'Data Pengawas MTS-MA'!$F$5:$F$24),2,0)),"DD MMMM YYYY"),"") -> 01 Oktober 2021 | O16: =IFERROR(IF(K16="","",W16),"") -> Pengawas MTs, MA Kec. Leces | P16: =IFERROR(IF(J16="","",VLOOKUP(J16,CHOOSE({1,2},'Data Pengawas MTS-MA'!$P$5:$P$24,'Data Pengawas MTS-MA'!$O$5:$O$24),2,0)),"") -> Wonoasih | V16: Leces | W16: ="Pengawas MTs, MA Kec. "&V16 -> Pengawas MTs, MA Kec. Leces
I17: 6 | J17: ISMAWATI | K17: =IFERROR(IF(J17="","",VLOOKUP(J17,CHOOSE({1,2},'Data Pengawas MTS-MA'!$P$5:$P$24,'Data Pengawas MTS-MA'!$D$5:$D$24),2,0)),"") -> P | L17: =IFERROR(IF(J17="","",VLOOKUP(J17,CHOOSE({1,2},'Data Pengawas MTS-MA'!$P$5:$P$24,'Data Pengawas MTS-MA'!$M$5:$M$24),2,0)),"") -> 22 April 2036 | M17: =IFERROR(IF(J17="","",VLOOKUP(J17,CHOOSE({1,2},'Data Pengawas MTS-MA'!$P$5:$P$24,'Data Pengawas MTS-MA'!$H$5:$H$24),2,0)),"") -> Pengawas MTs,MA Kec. Leces, Dringu | N17: =IFERROR(TEXT(IF(J17="","",VLOOKUP(J17,CHOOSE({1,2},'Data Pengawas MTS-MA'!$P$5:$P$24,'Data Pengawas MTS-MA'!$F$5:$F$24),2,0)),"DD MMMM YYYY"),"") -> 25 Mei 2023 | O17: =IFERROR(IF(K17="","",W17),"") -> Pengawas MTs, MA Kec. Leces | P17: =IFERROR(IF(J17="","",VLOOKUP(J17,CHOOSE({1,2},'Data Pengawas MTS-MA'!$P$5:$P$24,'Data Pengawas MTS-MA'!$O$5:$O$24),2,0)),"") -> Wonoasih | V17: Leces | W17: ="Pengawas MTs, MA Kec. "&V17 -> Pengawas MTs, MA Kec. Leces
B18: DRINGU | C18: ='PETA-PENGAWAS'!L17 -> 4 | E18: ='PETA-PENGAWAS'!N17 -> 2 | F18: =SUM(C18:E18) -> 6 | G18: ='PETA-PENGAWAS'!P17 -> 1 | J18: ISMAWATI | K18: =IFERROR(IF(J18="","",VLOOKUP(J18,CHOOSE({1,2},'Data Pengawas MTS-MA'!$P$5:$P$24,'Data Pengawas MTS-MA'!$D$5:$D$24),2,0)),"") -> P | L18: =IFERROR(IF(J18="","",VLOOKUP(J18,CHOOSE({1,2},'Data Pengawas MTS-MA'!$P$5:$P$24,'Data Pengawas MTS-MA'!$M$5:$M$24),2,0)),"") -> 22 April 2036 | M18: =IFERROR(IF(J18="","",VLOOKUP(J18,CHOOSE({1,2},'Data Pengawas MTS-MA'!$P$5:$P$24,'Data Pengawas MTS-MA'!$H$5:$H$24),2,0)),"") -> Pengawas MTs,MA Kec. Leces, Dringu | N18: =IFERROR(TEXT(IF(J18="","",VLOOKUP(J18,CHOOSE({1,2},'Data Pengawas MTS-MA'!$P$5:$P$24,'Data Pengawas MTS-MA'!$F$5:$F$24),2,0)),"DD MMMM YYYY"),"") -> 25 Mei 2023 | O18: =IFERROR(IF(K18="","",W18),"") -> Pengawas MTs, MA Kec. Dringu | P18: =IFERROR(IF(J18="","",VLOOKUP(J18,CHOOSE({1,2},'Data Pengawas MTS-MA'!$P$5:$P$24,'Data Pengawas MTS-MA'!$O$5:$O$24),2,0)),"") -> Wonoasih | V18: Dringu | W18: ="Pengawas MTs, MA Kec. "&V18 -> Pengawas MTs, MA Kec. Dringu
B19: MARON | C19: ='PETA-PENGAWAS'!L21 -> 13 | E19: ='PETA-PENGAWAS'!N21 -> 8 | F19: =SUM(C19:E19) -> 21 | G19: ='PETA-PENGAWAS'!P21 -> 2 | I19: 7 | J19: SAIFUL | K19: =IFERROR(IF(J19="","",VLOOKUP(J19,CHOOSE({1,2},'Data Pengawas MTS-MA'!$P$5:$P$24,'Data Pengawas MTS-MA'!$D$5:$D$24),2,0)),"") -> L | L19: =IFERROR(IF(J19="","",VLOOKUP(J19,CHOOSE({1,2},'Data Pengawas MTS-MA'!$P$5:$P$24,'Data Pengawas MTS-MA'!$M$5:$M$24),2,0)),"") -> 06 Juni 2028 | M19: =IFERROR(IF(J19="","",VLOOKUP(J19,CHOOSE({1,2},'Data Pengawas MTS-MA'!$P$5:$P$24,'Data Pengawas MTS-MA'!$H$5:$H$24),2,0)),"") -> Pengawas MTs Kec. Banyuanyar, Maron | N19: =IFERROR(TEXT(IF(J19="","",VLOOKUP(J19,CHOOSE({1,2},'Data Pengawas MTS-MA'!$P$5:$P$24,'Data Pengawas MTS-MA'!$F$5:$F$24),2,0)),"DD MMMM YYYY"),"") -> 28 Desember 2020 | O19: =IFERROR(IF(K19="","",W19),"") -> Pengawas MTs, MA Kec. Maron | P19: =IFERROR(IF(J19="","",VLOOKUP(J19,CHOOSE({1,2},'Data Pengawas MTS-MA'!$P$5:$P$24,'Data Pengawas MTS-MA'!$O$5:$O$24),2,0)),"") -> Leces | V19: Maron | W19: ="Pengawas MTs, MA Kec. "&V19 -> Pengawas MTs, MA Kec. Maron
I20: 8 | J20: MUSYAFI' | K20: =IFERROR(IF(J20="","",VLOOKUP(J20,CHOOSE({1,2},'Data Pengawas MTS-MA'!$P$5:$P$24,'Data Pengawas MTS-MA'!$D$5:$D$24),2,0)),"") -> L | L20: =IFERROR(IF(J20="","",VLOOKUP(J20,CHOOSE({1,2},'Data Pengawas MTS-MA'!$P$5:$P$24,'Data Pengawas MTS-MA'!$M$5:$M$24),2,0)),"") -> 08 April 2026 | M20: =IFERROR(IF(J20="","",VLOOKUP(J20,CHOOSE({1,2},'Data Pengawas MTS-MA'!$P$5:$P$24,'Data Pengawas MTS-MA'!$H$5:$H$24),2,0)),"") -> Pengawas MA Kec. Bantaran,Tegalsiwalan,Wonomerto | N20: =IFERROR(TEXT(IF(J20="","",VLOOKUP(J20,CHOOSE({1,2},'Data Pengawas MTS-MA'!$P$5:$P$24,'Data Pengawas MTS-MA'!$F$5:$F$24),2,0)),"DD MMMM YYYY"),"") -> 01 Maret 2011 | O20: =IFERROR(IF(K20="","",W20),"") -> Pengawas MTs, MA Kec. Maron | P20: =IFERROR(IF(J20="","",VLOOKUP(J20,CHOOSE({1,2},'Data Pengawas MTS-MA'!$P$5:$P$24,'Data Pengawas MTS-MA'!$O$5:$O$24),2,0)),"") -> Tegalsiwalan | V20: Maron | W20: ="Pengawas MTs, MA Kec. "&V20 -> Pengawas MTs, MA Kec. Maron
B21: TEGALSIWALAN | C21: ='PETA-PENGAWAS'!L19 -> 9 | E21: ='PETA-PENGAWAS'!N19 -> 6 | F21: =SUM(C21:E21) -> 15 | G21: ='PETA-PENGAWAS'!P19 -> 1 | I21: 9 | J21: DWI HALIMA TUTRIYANTI | K21: =IFERROR(IF(J21="","",VLOOKUP(J21,CHOOSE({1,2},'Data Pengawas MTS-MA'!$P$5:$P$24,'Data Pengawas MTS-MA'!$D$5:$D$24),2,0)),"") -> P | L21: =IFERROR(IF(J21="","",VLOOKUP(J21,CHOOSE({1,2},'Data Pengawas MTS-MA'!$P$5:$P$24,'Data Pengawas MTS-MA'!$M$5:$M$24),2,0)),"") -> 13 Oktober 2041 | M21: =IFERROR(IF(J21="","",VLOOKUP(J21,CHOOSE({1,2},'Data Pengawas MTS-MA'!$P$5:$P$24,'Data Pengawas MTS-MA'!$H$5:$H$24),2,0)),"") -> Pengawas MTs,MA Kec. Bantaran | N21: =IFERROR(TEXT(IF(J21="","",VLOOKUP(J21,CHOOSE({1,2},'Data Pengawas MTS-MA'!$P$5:$P$24,'Data Pengawas MTS-MA'!$F$5:$F$24),2,0)),"DD MMMM YYYY"),"") -> 03 November 2022 | O21: =IFERROR(IF(K21="","",W21),"") -> Pengawas MTs, MA Kec. Tegalsiwalan | P21: =IFERROR(IF(J21="","",VLOOKUP(J21,CHOOSE({1,2},'Data Pengawas MTS-MA'!$P$5:$P$24,'Data Pengawas MTS-MA'!$O$5:$O$24),2,0)),"") -> Leces | V21: Tegalsiwalan | W21: ="Pengawas MTs, MA Kec. "&V21 -> Pengawas MTs, MA Kec. Tegalsiwalan
B22: BANYUANYAR | C22: ='PETA-PENGAWAS'!L20 -> 11 | E22: ='PETA-PENGAWAS'!N20 -> 8 | F22: =SUM(C22:E22) -> 19 | G22: ='PETA-PENGAWAS'!P20 -> 2 | I22: 10 | J22: NUR SYAMSIAH ROHWENI | K22: =IFERROR(IF(J22="","",VLOOKUP(J22,CHOOSE({1,2},'Data Pengawas MTS-MA'!$P$5:$P$24,'Data Pengawas MTS-MA'!$D$5:$D$24),2,0)),"") -> P | L22: =IFERROR(IF(J22="","",VLOOKUP(J22,CHOOSE({1,2},'Data Pengawas MTS-MA'!$P$5:$P$24,'Data Pengawas MTS-MA'!$M$5:$M$24),2,0)),"") -> 26 Juni 2029 | M22: =IFERROR(IF(J22="","",VLOOKUP(J22,CHOOSE({1,2},'Data Pengawas MTS-MA'!$P$5:$P$24,'Data Pengawas MTS-MA'!$H$5:$H$24),2,0)),"") -> Pengawas MTs, MA Kec. Tegalsiwalan, Banyuanyar | N22: =IFERROR(TEXT(IF(J22="","",VLOOKUP(J22,CHOOSE({1,2},'Data Pengawas MTS-MA'!$P$5:$P$24,'Data Pengawas MTS-MA'!$F$5:$F$24),2,0)),"DD MMMM YYYY"),"") -> 01 Maret 2023 | O22: =IFERROR(IF(K22="","",W22),"") -> Pengawas MTs, MA Kec. Banyuanyar | P22: =IFERROR(IF(J22="","",VLOOKUP(J22,CHOOSE({1,2},'Data Pengawas MTS-MA'!$P$5:$P$24,'Data Pengawas MTS-MA'!$O$5:$O$24),2,0)),"") -> Leces | V22: Banyuanyar | W22: ="Pengawas MTs, MA Kec. "&V22 -> Pengawas MTs, MA Kec. Banyuanyar
I23: 11 | J23: SUBADAR | K23: =IFERROR(IF(J23="","",VLOOKUP(J23,CHOOSE({1,2},'Data Pengawas MTS-MA'!$P$5:$P$24,'Data Pengawas MTS-MA'!$D$5:$D$24),2,0)),"") -> L | L23: =IFERROR(IF(J23="","",VLOOKUP(J23,CHOOSE({1,2},'Data Pengawas MTS-MA'!$P$5:$P$24,'Data Pengawas MTS-MA'!$M$5:$M$24),2,0)),"") -> 12 Juni 2025 | M23: =IFERROR(IF(J23="","",VLOOKUP(J23,CHOOSE({1,2},'Data Pengawas MTS-MA'!$P$5:$P$24,'Data Pengawas MTS-MA'!$H$5:$H$24),2,0)),"") -> Pengawas MA Kec. Banyuanyar, Gending, Maron | N23: =IFERROR(TEXT(IF(J23="","",VLOOKUP(J23,CHOOSE({1,2},'Data Pengawas MTS-MA'!$P$5:$P$24,'Data Pengawas MTS-MA'!$F$5:$F$24),2,0)),"DD MMMM YYYY"),"") -> 02 April 2012 | O23: =IFERROR(IF(K23="","",W23),"") -> Pengawas MTs, MA Kec. Banyuanyar | P23: =IFERROR(IF(J23="","",VLOOKUP(J23,CHOOSE({1,2},'Data Pengawas MTS-MA'!$P$5:$P$24,'Data Pengawas MTS-MA'!$O$5:$O$24),2,0)),"") -> Banyuanyar | V23: Banyuanyar | W23: ="Pengawas MTs, MA Kec. "&V23 -> Pengawas MTs, MA Kec. Banyuanyar
B24: GADING | C24: ='PETA-PENGAWAS'!L22 -> 15 | E24: ='PETA-PENGAWAS'!N22 -> 7 | F24: =SUM(C24:E24) -> 22 | G24: ='PETA-PENGAWAS'!P22 -> 1 | I24: 12 | J24: SITI AMINAH | K24: =IFERROR(IF(J24="","",VLOOKUP(J24,CHOOSE({1,2},'Data Pengawas MTS-MA'!$P$5:$P$24,'Data Pengawas MTS-MA'!$D$5:$D$24),2,0)),"") -> P | L24: =IFERROR(IF(J24="","",VLOOKUP(J24,CHOOSE({1,2},'Data Pengawas MTS-MA'!$P$5:$P$24,'Data Pengawas MTS-MA'!$M$5:$M$24),2,0)),"") -> 15 April 2029 | M24: =IFERROR(IF(J24="","",VLOOKUP(J24,CHOOSE({1,2},'Data Pengawas MTS-MA'!$P$5:$P$24,'Data Pengawas MTS-MA'!$H$5:$H$24),2,0)),"") -> Pengawas MTs Kec. Gading, Krejengan | N24: =IFERROR(TEXT(IF(J24="","",VLOOKUP(J24,CHOOSE({1,2},'Data Pengawas MTS-MA'!$P$5:$P$24,'Data Pengawas MTS-MA'!$F$5:$F$24),2,0)),"DD MMMM YYYY"),"") -> 01 Juli 2024 | O24: =IFERROR(IF(K24="","",W24),"") -> Pengawas MTs, MA Kec. Gading | P24: =IFERROR(IF(J24="","",VLOOKUP(J24,CHOOSE({1,2},'Data Pengawas MTS-MA'!$P$5:$P$24,'Data Pengawas MTS-MA'!$O$5:$O$24),2,0)),"") -> Gading | V24: Gading | W24: ="Pengawas MTs, MA Kec. "&V24 -> Pengawas MTs, MA Kec. Gading
B25: TIRIS | C25: ='PETA-PENGAWAS'!L23 -> 17 | E25: ='PETA-PENGAWAS'!N23 -> 9 | F25: =SUM(C25:E25) -> 26 | G25: ='PETA-PENGAWAS'!P23 -> 1 | I25: 13 | J25: HERU KISWANTO | K25: =IFERROR(IF(J25="","",VLOOKUP(J25,CHOOSE({1,2},'Data Pengawas MTS-MA'!$P$5:$P$24,'Data Pengawas MTS-MA'!$D$5:$D$24),2,0)),"") -> L | L25: =IFERROR(IF(J25="","",VLOOKUP(J25,CHOOSE({1,2},'Data Pengawas MTS-MA'!$P$5:$P$24,'Data Pengawas MTS-MA'!$M$5:$M$24),2,0)),"") -> 16 Februari 2036 | M25: =IFERROR(IF(J25="","",VLOOKUP(J25,CHOOSE({1,2},'Data Pengawas MTS-MA'!$P$5:$P$24,'Data Pengawas MTS-MA'!$H$5:$H$24),2,0)),"") -> Pengawas MTs, MA Kec. Tiris | N25: =IFERROR(TEXT(IF(J25="","",VLOOKUP(J25,CHOOSE({1,2},'Data Pengawas MTS-MA'!$P$5:$P$24,'Data Pengawas MTS-MA'!$F$5:$F$24),2,0)),"DD MMMM YYYY"),"") -> 01 Juli 2024 | O25: =IFERROR(IF(K25="","",W25),"") -> Pengawas MTs, MA Kec. Tiris | P25: =IFERROR(IF(J25="","",VLOOKUP(J25,CHOOSE({1,2},'Data Pengawas MTS-MA'!$P$5:$P$24,'Data Pengawas MTS-MA'!$O$5:$O$24),2,0)),"") -> Gading | V25: Tiris | W25: ="Pengawas MTs, MA Kec. "&V25 -> Pengawas MTs, MA Kec. Tiris
B26: KRUCIL | C26: ='PETA-PENGAWAS'!L26 -> 17 | E26: ='PETA-PENGAWAS'!N26 -> 10 | F26: =SUM(C26:E26) -> 27 | G26: ='PETA-PENGAWAS'!P26 -> 1 | I26: 14 | J26: ABD. GHANI | K26: =IFERROR(IF(J26="","",VLOOKUP(J26,CHOOSE({1,2},'Data Pengawas MTS-MA'!$P$5:$P$24,'Data Pengawas MTS-MA'!$D$5:$D$24),2,0)),"") -> L | L26: =IFERROR(IF(J26="","",VLOOKUP(J26,CHOOSE({1,2},'Data Pengawas MTS-MA'!$P$5:$P$24,'Data Pengawas MTS-MA'!$M$5:$M$24),2,0)),"") -> 23 Maret 2035 | M26: =IFERROR(IF(J26="","",VLOOKUP(J26,CHOOSE({1,2},'Data Pengawas MTS-MA'!$P$5:$P$24,'Data Pengawas MTS-MA'!$H$5:$H$24),2,0)),"") -> Pengawas MTs Kec. Besuk, Krejengan | N26: =IFERROR(TEXT(IF(J26="","",VLOOKUP(J26,CHOOSE({1,2},'Data Pengawas MTS-MA'!$P$5:$P$24,'Data Pengawas MTS-MA'!$F$5:$F$24),2,0)),"DD MMMM YYYY"),"") -> 26 Juni 2024 | O26: =IFERROR(IF(K26="","",W26),"") -> Pengawas MTs, MA Kec. Krucil | P26: =IFERROR(IF(J26="","",VLOOKUP(J26,CHOOSE({1,2},'Data Pengawas MTS-MA'!$P$5:$P$24,'Data Pengawas MTS-MA'!$O$5:$O$24),2,0)),"") -> Besuk | V26: Krucil | W26: ="Pengawas MTs, MA Kec. "&V26 -> Pengawas MTs, MA Kec. Krucil
B27: PAJARAKAN | C27: ='PETA-PENGAWAS'!L27 -> 6 | E27: ='PETA-PENGAWAS'!N27 -> 6 | F27: =SUM(C27:E27) -> 12 | G27: ='PETA-PENGAWAS'!P27 -> 1 | I27: 15 | J27: SOLEHODIN | K27: =IFERROR(IF(J27="","",VLOOKUP(J27,CHOOSE({1,2},'Data Pengawas MTS-MA'!$P$5:$P$24,'Data Pengawas MTS-MA'!$D$5:$D$24),2,0)),"") -> L | L27: =IFERROR(IF(J27="","",VLOOKUP(J27,CHOOSE({1,2},'Data Pengawas MTS-MA'!$P$5:$P$24,'Data Pengawas MTS-MA'!$M$5:$M$24),2,0)),"") -> 04 April 2031 | M27: =IFERROR(IF(J27="","",VLOOKUP(J27,CHOOSE({1,2},'Data Pengawas MTS-MA'!$P$5:$P$24,'Data Pengawas MTS-MA'!$H$5:$H$24),2,0)),"") -> Pengawas MA Kec.Besuk, Gading, Pajarakan,Krucil | N27: =IFERROR(TEXT(IF(J27="","",VLOOKUP(J27,CHOOSE({1,2},'Data Pengawas MTS-MA'!$P$5:$P$24,'Data Pengawas MTS-MA'!$F$5:$F$24),2,0)),"DD MMMM YYYY"),"") -> 21 September 2020 | O27: =IFERROR(IF(K27="","",W27),"") -> Pengawas MTs, MA Kec. Pajarakan | P27: =IFERROR(IF(J27="","",VLOOKUP(J27,CHOOSE({1,2},'Data Pengawas MTS-MA'!$P$5:$P$24,'Data Pengawas MTS-MA'!$O$5:$O$24),2,0)),"") -> Besuk | V27: Pajarakan | W27: ="Pengawas MTs, MA Kec. "&V27 -> Pengawas MTs, MA Kec. Pajarakan
B28: KREJENGAN | C28: ='PETA-PENGAWAS'!L28 -> 12 | E28: ='PETA-PENGAWAS'!N28 -> 10 | F28: =SUM(C28:E28) -> 22 | G28: ='PETA-PENGAWAS'!P28 -> 1 | I28: 16 | J28: NETY MERY YASMIN | K28: =IFERROR(IF(J28="","",VLOOKUP(J28,CHOOSE({1,2},'Data Pengawas MTS-MA'!$P$5:$P$24,'Data Pengawas MTS-MA'!$D$5:$D$24),2,0)),"") -> P | L28: =IFERROR(IF(J28="","",VLOOKUP(J28,CHOOSE({1,2},'Data Pengawas MTS-MA'!$P$5:$P$24,'Data Pengawas MTS-MA'!$M$5:$M$24),2,0)),"") -> 17 Maret 2038 | M28: =IFERROR(IF(J28="","",VLOOKUP(J28,CHOOSE({1,2},'Data Pengawas MTS-MA'!$P$5:$P$24,'Data Pengawas MTS-MA'!$H$5:$H$24),2,0)),"") -> Pengawas MTs,MA Kec. Krejengan | N28: =IFERROR(TEXT(IF(J28="","",VLOOKUP(J28,CHOOSE({1,2},'Data Pengawas MTS-MA'!$P$5:$P$24,'Data Pengawas MTS-MA'!$F$5:$F$24),2,0)),"DD MMMM YYYY"),"") -> 25 Mei 2023 | O28: =IFERROR(IF(K28="","",W28),"") -> Pengawas MTs, MA Kec. Krejengan | P28: =IFERROR(IF(J28="","",VLOOKUP(J28,CHOOSE({1,2},'Data Pengawas MTS-MA'!$P$5:$P$24,'Data Pengawas MTS-MA'!$O$5:$O$24),2,0)),"") -> Kraksaan | V28: Krejengan | W28: ="Pengawas MTs, MA Kec. "&V28 -> Pengawas MTs, MA Kec. Krejengan
B29: KRAKSAAN | C29: ='PETA-PENGAWAS'!L29 -> 14 | E29: ='PETA-PENGAWAS'!N29 -> 11 | F29: =SUM(C29:E29) -> 25 | G29: ='PETA-PENGAWAS'!P29 -> 2 | I29: 17 | J29: SHOLEHUDDIN | K29: =IFERROR(IF(J29="","",VLOOKUP(J29,CHOOSE({1,2},'Data Pengawas MTS-MA'!$P$5:$P$24,'Data Pengawas MTS-MA'!$D$5:$D$24),2,0)),"") -> L | L29: =IFERROR(IF(J29="","",VLOOKUP(J29,CHOOSE({1,2},'Data Pengawas MTS-MA'!$P$5:$P$24,'Data Pengawas MTS-MA'!$M$5:$M$24),2,0)),"") -> 21 April 2026 | M29: =IFERROR(IF(J29="","",VLOOKUP(J29,CHOOSE({1,2},'Data Pengawas MTS-MA'!$P$5:$P$24,'Data Pengawas MTS-MA'!$H$5:$H$24),2,0)),"") -> Pengawas MA Kec. Kraksaan, Krejengan | N29: =IFERROR(TEXT(IF(J29="","",VLOOKUP(J29,CHOOSE({1,2},'Data Pengawas MTS-MA'!$P$5:$P$24,'Data Pengawas MTS-MA'!$F$5:$F$24),2,0)),"DD MMMM YYYY"),"") -> 25 Mei 2023 | O29: =IFERROR(IF(K29="","",W29),"") -> Pengawas MTs, MA Kec. Kraksaan | P29: =IFERROR(IF(J29="","",VLOOKUP(J29,CHOOSE({1,2},'Data Pengawas MTS-MA'!$P$5:$P$24,'Data Pengawas MTS-MA'!$O$5:$O$24),2,0)),"") -> Pajarakan | V29: Kraksaan | W29: ="Pengawas MTs, MA Kec. "&V29 -> Pengawas MTs, MA Kec. Kraksaan
I30: 18 | J30: HARIANTO | K30: =IFERROR(IF(J30="","",VLOOKUP(J30,CHOOSE({1,2},'Data Pengawas MTS-MA'!$P$5:$P$24,'Data Pengawas MTS-MA'!$D$5:$D$24),2,0)),"") -> L | L30: =IFERROR(IF(J30="","",VLOOKUP(J30,CHOOSE({1,2},'Data Pengawas MTS-MA'!$P$5:$P$24,'Data Pengawas MTS-MA'!$M$5:$M$24),2,0)),"") -> 09 Juni 2029 | M30: =IFERROR(IF(J30="","",VLOOKUP(J30,CHOOSE({1,2},'Data Pengawas MTS-MA'!$P$5:$P$24,'Data Pengawas MTS-MA'!$H$5:$H$24),2,0)),"") -> Pengawas MTs Kec. Kotaanyar, Pakuniran, Krucil | N30: =IFERROR(TEXT(IF(J30="","",VLOOKUP(J30,CHOOSE({1,2},'Data Pengawas MTS-MA'!$P$5:$P$24,'Data Pengawas MTS-MA'!$F$5:$F$24),2,0)),"DD MMMM YYYY"),"") -> 15 Maret 2018 | O30: =IFERROR(IF(K30="","",W30),"") -> Pengawas MTs, MA Kec. Kraksaan | P30: =IFERROR(IF(J30="","",VLOOKUP(J30,CHOOSE({1,2},'Data Pengawas MTS-MA'!$P$5:$P$24,'Data Pengawas MTS-MA'!$O$5:$O$24),2,0)),"") -> Kotaanyar | V30: Kraksaan | W30: ="Pengawas MTs, MA Kec. "&V30 -> Pengawas MTs, MA Kec. Kraksaan
B31: BESUK | C31: ='PETA-PENGAWAS'!L30 -> 4 | E31: ='PETA-PENGAWAS'!N30 -> 3 | F31: =SUM(C31:E31) -> 7 | G31: ='PETA-PENGAWAS'!P30 -> 1 | J31: HARIANTO | K31: =IFERROR(IF(J31="","",VLOOKUP(J31,CHOOSE({1,2},'Data Pengawas MTS-MA'!$P$5:$P$24,'Data Pengawas MTS-MA'!$D$5:$D$24),2,0)),"") -> L | L31: =IFERROR(IF(J31="","",VLOOKUP(J31,CHOOSE({1,2},'Data Pengawas MTS-MA'!$P$5:$P$24,'Data Pengawas MTS-MA'!$M$5:$M$24),2,0)),"") -> 09 Juni 2029 | M31: =IFERROR(IF(J31="","",VLOOKUP(J31,CHOOSE({1,2},'Data Pengawas MTS-MA'!$P$5:$P$24,'Data Pengawas MTS-MA'!$H$5:$H$24),2,0)),"") -> Pengawas MTs Kec. Kotaanyar, Pakuniran, Krucil | N31: =IFERROR(TEXT(IF(J31="","",VLOOKUP(J31,CHOOSE({1,2},'Data Pengawas MTS-MA'!$P$5:$P$24,'Data Pengawas MTS-MA'!$F$5:$F$24),2,0)),"DD MMMM YYYY"),"") -> 15 Maret 2018 | O31: =IFERROR(IF(K31="","",W31),"") -> Pengawas MTs, MA Kec. Besuk | P31: =IFERROR(IF(J31="","",VLOOKUP(J31,CHOOSE({1,2},'Data Pengawas MTS-MA'!$P$5:$P$24,'Data Pengawas MTS-MA'!$O$5:$O$24),2,0)),"") -> Kotaanyar | V31: Besuk | W31: ="Pengawas MTs, MA Kec. "&V31 -> Pengawas MTs, MA Kec. Besuk
B32: KOTAANYAR | C32: ='PETA-PENGAWAS'!L31 -> 6 | E32: ='PETA-PENGAWAS'!N31 -> 4 | F32: =SUM(C32:E32) -> 10 | G32: ='PETA-PENGAWAS'!P31 -> 1 | I32: 19 | J32: HUSNAN ABRORI | K32: =IFERROR(IF(J32="","",VLOOKUP(J32,CHOOSE({1,2},'Data Pengawas MTS-MA'!$P$5:$P$24,'Data Pengawas MTS-MA'!$D$5:$D$24),2,0)),"") -> L | L32: =IFERROR(IF(J32="","",VLOOKUP(J32,CHOOSE({1,2},'Data Pengawas MTS-MA'!$P$5:$P$24,'Data Pengawas MTS-MA'!$M$5:$M$24),2,0)),"") -> 18 Agustus 2042 | M32: =IFERROR(IF(J32="","",VLOOKUP(J32,CHOOSE({1,2},'Data Pengawas MTS-MA'!$P$5:$P$24,'Data Pengawas MTS-MA'!$H$5:$H$24),2,0)),"") -> Pengawas MA Kec. Kotaanyar, Pakuniran, Paiton | N32: =IFERROR(TEXT(IF(J32="","",VLOOKUP(J32,CHOOSE({1,2},'Data Pengawas MTS-MA'!$P$5:$P$24,'Data Pengawas MTS-MA'!$F$5:$F$24),2,0)),"DD MMMM YYYY"),"") -> 17 Juli 2023 | O32: =IFERROR(IF(K32="","",W32),"") -> Pengawas MTs, MA Kec. Kotaanyar, Pakuniran | P32: =IFERROR(IF(J32="","",VLOOKUP(J32,CHOOSE({1,2},'Data Pengawas MTS-MA'!$P$5:$P$24,'Data Pengawas MTS-MA'!$O$5:$O$24),2,0)),"") -> Kotaanyar | V32: Kotaanyar, Pakuniran | W32: ="Pengawas MTs, MA Kec. "&V32 -> Pengawas MTs, MA Kec. Kotaanyar, Pakuniran
B33: PAKUNIRAN | C33: ='PETA-PENGAWAS'!L32 -> 12 | E33: ='PETA-PENGAWAS'!N32 -> 5 | F33: =SUM(C33:E33) -> 17 | V33: Pakuniran | W33: ="Pengawas MTs, MA Kec. "&V33 -> Pengawas MTs, MA Kec. Pakuniran
B34: PAITON | C34: ='PETA-PENGAWAS'!L33 -> 17 | E34: ='PETA-PENGAWAS'!N33 -> 11 | F34: =SUM(C34:E34) -> 28 | G34: ='PETA-PENGAWAS'!P33 -> 1 | I34: 20 | J34: ABDUL AZIS | K34: =IF(J34="","",VLOOKUP(J34,CHOOSE({1,2},'Data Pengawas MTS-MA'!$P$5:$P$24,'Data Pengawas MTS-MA'!$D$5:$D$24),2,0)) -> L | L34: =IF(J34="","",VLOOKUP(J34,CHOOSE({1,2},'Data Pengawas MTS-MA'!$P$5:$P$24,'Data Pengawas MTS-MA'!$M$5:$M$24),2,0)) -> 02 Mei 2027 | M34: =IF(J34="","",VLOOKUP(J34,CHOOSE({1,2},'Data Pengawas MTS-MA'!$P$5:$P$24,'Data Pengawas MTS-MA'!$H$5:$H$24),2,0)) -> Pengawas MTs Kec. Paiton | N34: =TEXT(IF(J34="","",VLOOKUP(J34,CHOOSE({1,2},'Data Pengawas MTS-MA'!$P$5:$P$24,'Data Pengawas MTS-MA'!$F$5:$F$24),2,0)),"DD MMMM YYYY") -> 17 Juli 2023 | O34: =IF(K34="","",W34) -> Pengawas MTs, MA Kec. Paiton | P34: =IF(J34="","",VLOOKUP(J34,CHOOSE({1,2},'Data Pengawas MTS-MA'!$P$5:$P$24,'Data Pengawas MTS-MA'!$O$5:$O$24),2,0)) -> Kotaanyar | V34: Paiton | W34: ="Pengawas MTs, MA Kec. "&V34 -> Pengawas MTs, MA Kec. Paiton
C35: =SUM($C$6:$C$34) -> 222 | D35: =SUM(D6:D34) -> 0 | E35: =SUM($E$6:$E$34) -> 133 | F35: =SUM($F$6:$F$34) -> 355 | G35: =SUM(G6:H34) -> 24

Sheet Data Pengawas Madrasah
A2: DATA PENGAWAS MADRASAH KANKEMENAG KAB. PROBOLINGGO | M2: =IF(VLOOKUP($U$10;'Input NIlai'!$B$9:$Q$66;2)="";"";VLOOKUP($U$10;'Input NIlai'!$B$9:$Q$65;2))
H3: 45658
A4: No | B4: NIP | C4: NAMA | D4: L/P | E4: GOL | F4: TMT SP TERBARU | G4: JENJANG | H4: WILAYAH LAMA | I4: TANGGAL LAHIR | J4: USIA | K4: DAMPAK ATURAN | L4: TANGGAL PANSIUN | M4: ALAMAT LENGKAP | N4: Kecamatan | O4: NAMA
A5: 1 | B5: 196707202005011004 | C5: A. SULHAN, S.Ag | D5: L | E5: III/d | F5: 45474 | G5: RA/MI | H5: Pengawas RA,MI Kec. Paiton | I5: 24673 | J5: =DATEDIF(I5,TODAY(),"Y") -> 57 | K5: 58 | L5: =TEXT(EDATE(I5,12*K5),"DD MMMM YYYY") -> 20 Juli 2025 | M5: Jl. H. Mansur Tanjung lor RT. 25 RW. 12, Desa/Kel. Karanganyar, Kec. Paiton | N5: Paiton | O5: A. SULHAN
A6: 2 | B6: 197503232005011005 | C6: ABD. GHANI, S.Ag | D6: L | E6: III/d | F6: 45469 | G6: MTs | H6: Pengawas MTs Kec. Besuk, Krejengan | I6: 27476 | J6: =DATEDIF(I6,TODAY(),"Y") -> 49 | K6: 60 | L6: =TEXT(EDATE(I6,12*K6),"DD MMMM YYYY") -> 23 Maret 2035 | M6: SUMBERAN BESUK RT. 07 RW. 03, Desa/Kel. Sumberan, Kec. Besuk | N6: Besuk | O6: ABD. GHANI
A7: 3 | B7: 197007102000031005 | C7: ABD. HALIM, S.Pd.I | D7: L | E7: IV/b | F7: 44197 | G7: RA/MI | H7: Pengawas RA,MI Kec. Pakuniran | I7: 25759 | J7: =DATEDIF(I7,TODAY(),"Y") -> 54 | K7: 60 | L7: =TEXT(EDATE(I7,12*K7),"DD MMMM YYYY") -> 10 Juli 2030 | M7: Dusun Prasi Selatan RT. 17 RW. 07, Desa/Kel. Prasi, Kec. Gading | N7: Gading | O7: ABD. HALIM
A8: 4 | B8: 197208162000031002 | C8: ABD. WAHID, S.Ag | D8: L | E8: IV/a | F8: Lama sekali | G8: RA/MI | H8: Pengawas RA,MI Kec. Tiris Barat | I8: 26527 | J8: =DATEDIF(I8,TODAY(),"Y") -> 52 | K8: 60 | L8: =TEXT(EDATE(I8,12*K8),"DD MMMM YYYY") -> 16 Agustus 2032 | M8: Dusun Krajan RT. 01 RW. 01, Desa/Kel. Sentul, Kec. Gading | N8: Gading | O8: ABD. WAHID
A9: 5 | B9: 196705022002121001 | C9: ABDUL AZIS, S.Ag, M.Pd | D9: L | E9: IV/b | F9: 45124 | G9: MTs | H9: Pengawas MTs Kec. Paiton | I9: 24594 | J9: =DATEDIF(I9,TODAY(),"Y") -> 57 | K9: 60 | L9: =TEXT(EDATE(I9,12*K9),"DD MMMM YYYY") -> 02 Mei 2027 | M9: Dusun I Krajan RT. 04 RW. 10, Desa/Kel. Sambirampak Kidul, Kec. Kota Anyar | N9: Kotaanyar | O9: ABDUL AZIS
A10: 6 | B10: 197303072005011004 | C10: ABDUL HAMID, S.Pd, M.Pd | D10: L | E10: IV/a | F10: 42430 | G10: RA/MI | H10: Pengawas RA,MI Kec. Krejengan | I10: 26730 | J10: =DATEDIF(I10,TODAY(),"Y") -> 51 | K10: 60 | L10: =TEXT(EDATE(I10,12*K10),"DD MMMM YYYY") -> 07 Maret 2033 | M10: Jl. Dimas Kanjeng No.135 RT. 20 RW. 08, Desa/Kel. Wangkal, Kec. Gading | N10: Gading | O10: ABDUL HAMID
A11: 7 | B11: 197606182000031005 | C11: ABDUSSAMAT, S.Ag | D11: L | E11: III/c | F11: 45474 | G11: RA/MI | H11: Pengawas RA,MI Kec. Pakuniran | I11: 27929 | J11: =DATEDIF(I11,TODAY(),"Y") -> 48 | K11: 60 | L11: =TEXT(EDATE(I11,12*K11),"DD MMMM YYYY") -> 18 Juni 2036 | M11: Dusun Jukoan RT. 03 RW. 12, Desa/Kel. Kecik, Kec. Besuk | N11: Besuk | O11: ABDUS SAMAT
A12: 8 | B12: 197808052005011004 | C12: AGUS SOLEH, S.Pd | D12: L | E12: III/d | F12: 45474 | G12: RA/MI | H12: Pengawas RA,MI Kec. Banyuanyar | I12: 28707 | J12: =DATEDIF(I12,TODAY(),"Y") -> 46 | K12: 60 | L12: =TEXT(EDATE(I12,12*K12),"DD MMMM YYYY") -> 05 Agustus 2038 | M12: Dusun Bengkingan RT. 01 RW. 01, Desa/Kel. Kalirejo, Kec. Dringu | N12: Dringu | O12: AGUS SOLEH
A13: 9 | B13: 196712102005011002 | C13: AMIR MAHMUD, S.Pd,M.Pd.I | D13: L | E13: III/d | F13: 43556 | G13: RA/MI | H13: Pengawas RA,MI Kec. Kraksaan | I13: 24816 | J13: =DATEDIF(I13,TODAY(),"Y") -> 57 | K13: 58 | L13: =TEXT(EDATE(I13,12*K13),"DD MMMM YYYY") -> 10 Desember 2025 | M13: Dusun Tambak Rejo RT. 02 RW. 03, Desa/Kel. Kedungcaluk, Kec. Krejengan | N13: Krejengan | O13: AMIR MAHMUD
A14: 10 | B14: 198304042005012004 | C14: ANGGRE AFREANDINA, S.Pd.SD | D14: P | E14: III/d | F14: 44868 | G14: RA/MI | H14: Pengawas RA,MI Kec. Krejengan | I14: 30410 | J14: =DATEDIF(I14,TODAY(),"Y") -> 41 | K14: 60 | L14: =TEXT(EDATE(I14,12*K14),"DD MMMM YYYY") -> 04 April 2043 | M14: Jl PAHLAWAN RT. 02 RW. 01, Desa/Kel. Krejengan, Kec. Krejengan | N14: Krejengan | O14: ANGGRE AFREANDINA
A15: 11 | B15: 197304152005012004 | C15: ASNITI, S.Pd | D15: P | E15: III/d | F15: 44868 | G15: RA/MI | H15: Pengawas RA,MI Kec. Leces | I15: 26769 | J15: =DATEDIF(I15,TODAY(),"Y") -> 51 | K15: 60 | L15: =TEXT(EDATE(I15,12*K15),"DD MMMM YYYY") -> 15 April 2033 | M15: DUSUN KRAJAN 1 RT. 5 RW. 1, Desa/Kel. Clarak, Kec. Leces | N15: Leces | O15: ASNITI
A16: 12 | B16: 196706102005011004 | C16: BAKRI , S.Pd | D16: L | E16: III/d | F16: 44470 | G16: RA/MI | H16: Pengawas RA,MI Kec. Paiton | I16: 24633 | J16: =DATEDIF(I16,TODAY(),"Y") -> 57 | K16: 58 | L16: =TEXT(EDATE(I16,12*K16),"DD MMMM YYYY") -> 10 Juni 2025 | M16: Dusun Krajan RT. 13 RW. 04, Desa/Kel. Kotaanyar, Kec. Kota Anyar | N16: Kotaanyar | O16: BAKRI
A17: 13 | B17: 197705052005011008 | C17: DIAN EKO PRASETYONO, S.Pd | D17: L | E17: lll/d | F17: 45474 | G17: RA/MI | H17: Pengawas RA, MI Kec. Tiris Timur | I17: 28250 | J17: =DATEDIF(I17,TODAY(),"Y") -> 47 | K17: 60 | L17: =TEXT(EDATE(I17,12*K17),"DD MMMM YYYY") -> 05 Mei 2037 | M17: Dusun Sukun RT. 02 RW. 01, Desa/Kel. Pendil, Kec. Banyu Anyar | N17: Banyuanyar | O17: DIAN EKO PRASETYONO
A18: 14 | B18: 198212242005012003 | C18: DIANA DWI RAHAYU, S.Pd.SD,M.Pd | D18: P | E18: III/c | F18: 45474 | G18: RA/MI | H18: Pengawas RA,MI Kec. Gending | I18: 30309 | J18: =DATEDIF(I18,TODAY(),"Y") -> 42 | K18: 60 | L18: =TEXT(EDATE(I18,12*K18),"DD MMMM YYYY") -> 24 Desember 2042 | M18: DUSUN GADING RT. 13 RW. 4, Desa/Kel. Wonorejo, Kec. Maron | N18: Maron | O18: DIANA DWI RAHAYU
A19: 15 | B19: 198001022005011003 | C19: DIDIK IRAWAN, S.Pd | D19: L | E19: III/d | F19: 45474 | G19: RA/MI | H19: Pengawas RA,MI Kec. Maron | I19: 29222 | J19: =DATEDIF(I19,TODAY(),"Y") -> 45 | K19: 60 | L19: =TEXT(EDATE(I19,12*K19),"DD MMMM YYYY") -> 02 Januari 2040 | M19: Jl. DKA RT. 04 RW. 02, Desa/Kel. Brabe, Kec. Maron | N19: Maron | O19: DIDIK IRAWAN
A20: 16 | B20: 196911232005012002 | C20: DIYAH TRI WAHTU UTAMI, S Pd | D20: P | E20: III/d | F20: 44823 | G20: RA/MI | H20: Pengawas RA,MI Kec. Krucil | I20: 25530 | J20: =DATEDIF(I20,TODAY(),"Y") -> 55 | K20: 60 | L20: =TEXT(EDATE(I20,12*K20),"DD MMMM YYYY") -> 23 November 2029 | M20: TAMBELANG TIMUR RT. 009 RW. 02, Desa/Kel. Krucil, Kec. Krucil | N20: Krucil | O20: DIYAH TRI WAHTU UTAMI
... A27: 23 | B27: 197602162005011005 | C27: HERU KISWANTO, S.Pd | D27: L | E27: III/d | F27: 45474 | G27: MTs/MA | H27: Pengawas MTs, MA Kec. Tiris | I27: 27806 | J27: =DATEDIF(I27,TODAY(),"Y") -> 48 | K27: 60 | L27: =TEXT(EDATE(I27,12*K27),"DD MMMM YYYY") -> 16 Februari 2036 | M27: GANG KRAMAT RT. 06 RW. 02, Desa/Kel. Condong, Kec. Gading | N27: Gading | O27: HERU KISWANTO
A28: 24 | B28: 198306152005011006 | C28: HOSNAN, S.Pd.SD | D28: L | E28: III/d | F28: 01 Oktober 2021 | G28: RA/MI | H28: Pengawas RA,MI Kec. Kraksaan | I28: 30482 | J28: =DATEDIF(I28,TODAY(),"Y") -> 41 | K28: 60 | L28: =TEXT(EDATE(I28,12*K28),"DD MMMM YYYY") -> 15 Juni 2043 | M28: Pondok Pabean Indah Blok Kavling No KK 06 RT. 06 RW. 06, Desa/Kel. Pabean, Kec. Dringu | N28: Dringu | O28: HOSNAN
A29: 25 | B29: 198208182005011004 | C29: HUSNAN ABRORI, S.Pd | D29: L | E29: III/d | F29: 45124 | G29: MTS/MA | H29: Pengawas MA Kec. Kotaanyar, Pakuniran, Paiton | I29: 30181 | J29: =DATEDIF(I29,TODAY(),"Y") -> 42 | K29: 60 | L29: =TEXT(EDATE(I29,12*K29),"DD MMMM YYYY") -> 18 Agustus 2042 | M29: DUSUN KRAJAN RT. 012 RW. 04, Desa/Kel. Sidomulyo, Kec. Kota Anyar | N29: Kotaanyar | O29: HUSNAN ABRORI
A30: 26 | B30: 198301122005012002 | C30: IKA CANDRA DEWI, S.Pd | D30: P | E30: III/c | F30: 44868 | G30: RA/MI | H30: Pengawas RA,MI Kec. Tiris Timur | I30: 30328 | J30: =DATEDIF(I30,TODAY(),"Y") -> 42 | K30: 60 | L30: =TEXT(EDATE(I30,12*K30),"DD MMMM YYYY") -> 12 Januari 2043 | M30: Dusun Krajan I RT. 17 RW. 06, Desa/Kel. Pesawahan, Kec. Tiris | N30: Tiris | O30: IKA CANDRA DEWI
A31: 27 | B31: 197607052005011004 | C31: IMAM GHOZALI, S.Pd | D31: L | E31: lll/d | F31: 45078 | G31: RA/MI | H31: Pengawas RA,MI Kec. Tiris Barat | I31: 27946 | J31: =DATEDIF(I31,TODAY(),"Y") -> 48 | K31: 60 | L31: =TEXT(EDATE(I31,12*K31),"DD MMMM YYYY") -> 05 Juli 2036 | M31: Dusun Gapur RT. 09 RW. 03, Desa/Kel. Brumbungan Lor, Kec. Gending | N31: Gending | O31: IMAM GHOZALI
A32: 28 | B32: 197806242005011002 | C32: ISHAK, S.Pd | D32: L | E32: III/d | F32: 45474 | G32: RA/MI | H32: Pengawas RA, MI Kec. Tiris Timur | I32: 28665 | J32: =DATEDIF(I32,TODAY(),"Y") -> 46 | K32: 60 | L32: =TEXT(EDATE(I32,12*K32),"DD MMMM YYYY") -> 24 Juni 2038 | M32: Dusun Krajan RT. 01 RW. 02, Desa/Kel. Bulujaran Kidul, Kec. Tegal Siwalan | N32: Tegalsiwalan | O32: ISHAK
A33: 29 | B33: 197604222003122003 | C33: ISMAWATI, S.Pd,M.Pd | D33: P | E33: IV/a | F33: 45071 | G33: MTs/MA | H33: Pengawas MTs,MA Kec. Leces, Dringu | I33: 27872 | J33: =DATEDIF(I33,TODAY(),"Y") -> 48 | K33: 60 | L33: =TEXT(EDATE(I33,12*K33),"DD MMMM YYYY") -> 22 April 2036 | M33: Jl. Taman Bougenvil II No 7 RT. 06 RW. 07, Desa/Kel. Sumbertaman, Kec. Wonoasih | N33: Wonoasih | O33: ISMAWATI
A34: 30 | B34: 198404112005011002 | C34: ISWANTO, S.Pd, M.Pd | D34: L | E34: III/d | F34: 45078 | G34: RA/MI | H34: Pengawas RA,MI Kec. Wonomerto, Tongas | I34: 30783 | J34: =DATEDIF(I34,TODAY(),"Y") -> 40 | K34: 60 | L34: =TEXT(EDATE(I34,12*K34),"DD MMMM YYYY") -> 11 April 2044 | M34: DUSUN ASEM LURUS RT. 19 RW. 05, Desa/Kel. Muneng, Kec. Sumber Asih | N34: Sumberasih | O34: ISWANTO
A35: 31 | B35: 196904282005012012 | C35: JUHAIRIYAH, S.Ag | D35: P | E35: IV/a | F35: 45474 | G35: RA/MI | H35: Pengawas RA,MI Kec. Banyuanyar | I35: 25321 | J35: =DATEDIF(I35,TODAY(),"Y") -> 55 | K35: 60 | L35: =TEXT(EDATE(I35,12*K35),"DD MMMM YYYY") -> 28 April 2029 | M35: Dusun Kramat RT. 03 RW. 02, Desa/Kel. Puspan, Kec. Maron | N35: Maron | O35: JUHAIRIYAH
A36: 32 | B36: 198207152005011002 | C36: KARIMUL HUDA, S.Pd | D36: L | E36: III/c | F36: 45078 | G36: RA/MI | H36: Pengawas RA,MI Kec. Bantaran | I36: 30147 | J36: =DATEDIF(I36,TODAY(),"Y") -> 42 | K36: 60 | L36: =TEXT(EDATE(I36,12*K36),"DD MMMM YYYY") -> 15 Juli 2042 | M36: Dusun Krasak RT. 09 RW. 02, Desa/Kel. Menyono, Kec. Kuripan | N36: Kuripan | O36: KARIMUL HUDA
A37: 33 | B37: 197206302005011002 | C37: KHOLID MUSTOFA, S.Pd.I,M.Pd | D37: L | E37: III/d | F37: 45474 | G37: RA/MI | H37: Pengawas RA,MI Kec. Banyuanyar | I37: 26480 | J37: =DATEDIF(I37,TODAY(),"Y") -> 52 | K37: 60 | L37: =TEXT(EDATE(I37,12*K37),"DD MMMM YYYY") -> 30 Juni 2032 | M37: Dusun Paleran RT. 11 RW. 03, Desa/Kel. Maron Wetan, Kec. Maron | N37: Maron | O37: KHOLID MUSTOFA
A38: 34 | B38: 196805071997031003 | C38: LUKMANUL HAKIM, M.Pd | D38: L | E38: IV/a | F38: 45474 | G38: RA/MI | H38: Pengawas RA,MI Kec. Maron | I38: 24965 | J38: =DATEDIF(I38,TODAY(),"Y") -> 56 | K38: 60 | L38: =TEXT(EDATE(I38,12*K38),"DD MMMM YYYY") -> 07 Mei 2028 | M38: Jl. Sunan Kudus No.42 RT. 02 RW. 07, Desa/Kel. Kraksaan Wetan, Kec. Kraksaan | N38: Kraksaan | O38: LUKMANUL HAKIM
A39: 35 | B39: 197107172005011006 | C39: M. MUSHLIH, S.Pd.I | D39: L | E39: IV/a | F39: 44652 | G39: RA/MI | H39: Pengawas RA,MI Kec. Lumbang, Sukapura | I39: 26131 | J39: =DATEDIF(I39,TODAY(),"Y") -> 53 | K39: 60 | L39: =TEXT(EDATE(I39,12*K39),"DD MMMM YYYY") -> 17 Juli 2031 | M39: Jln. Kyai wangi Dusun Bindung RT. 01 RW. 03, Desa/Kel. Tunggak Cerme, Kec. Wonomerto | N39: Wonomerto | O39: M. MUSHLIH
A40: 36 | B40: 196904082005011002 | C40: MANSUR, S.PdI, M.Pd | D40: L | E40: III/d | F40: 45474 | G40: RA/MI | H40: Pengawas RA,MI Kec. Pajarakan | I40: 25301 | J40: =DATEDIF(I40,TODAY(),"Y") -> 55 | K40: 58 | L40: =TEXT(EDATE(I40,12*K40),"DD MMMM YYYY") -> 08 April 2027 | M40: Dusun Skanan RT. 03 RW. 02, Desa/Kel. Rondokuning, Kec. Kraksaan | N40: Kraksaan | O40: MANSUR
... A82: 78 | B82: 197811172005011002 | C82: Drs. ZAINUL HASAN, M.Pd.I | D82: P | E82: IV/a | F82: 44986 | G82: RA/MI | H82: Pengawas RA,MI Kec. Pakuniran | I82: 28811 | J82: =DATEDIF(I82,TODAY(),"Y") -> 46 | K82: 60 | L82: =TEXT(EDATE(I82,12*K82),"DD MMMM YYYY") -> 17 November 2038 | M82: KARANGANOM RT. 09 RW. 05, Desa/Kel. Karanganyar, Kec. Paiton | N82: Paiton | O82: ZAINUL HASAN

Sheet Pengawas Madrasah
A2: DATA PENGAWAS MADRASAH KANKEMENAG KAB. PROBOLINGGO
F3: PERIODE 1 JANUARI 2025
A4: No | B4: NIP | C4: NAMA | D4: GOL | E4: TMT | F4: JABATAN
A5: 1 | B5: 197104042000031007 | C5: SOLEHODIN, S.Ag, M.Pd | D5: IV/c | E5: 45200 | F5: Pengawas MA Kec.Besuk, Gading, Pajarakan,Krucil
A6: 2 | B6: 197302041995032001 | C6: MARIA ULFAH, S.Pd.I | D6: IV/c | E6: 45444 | F6: Penagawas RA,MI Kec. Sumberasih
A7: 3 | B7: 196904151997032003 | C7: SITI AMINAH, S.Ag, MM | D7: IV/b | E7: 43922 | F7: Pengawas MTs Kec. Gading, Krejengan
A8: 4 | B8: 196604082000031001 | C8: MUSYAFI', S.Ag, SH, M.Pd | D8: IV/b | E8: 44105 | F8: Pengawas MA Kec. Bantaran,Tegalsiwalan,Wonomerto
A9: 5 | B9: 196604211993031002 | C9: Drs. SHOLEHUDDIN | D9: IV/b | E9: 44105 | F9: Pengawas MA Kec. Kraksaan, Krejengan
A10: 6 | B10: 197003102000032002 | C10: Dra. SUBIHASTUTIK | D10: IV/b | E10: 01 Oktober 2022 | F10: Pengawas RA,MI Kec. Onomerto
A11: 7 | B11: 196906262005012001 | C11: Dra. NUR SYAMSIAH ROHWENI | D11: IV/b | E11: 44652 | F11: Pengawas MTs, MA Kec. Tegalsiwalan, Banyuanyar
A12: 8 | B12: 196506121994031001 | C12: Drs. SUBADAR | D12: IV/a | E12: 39539 | F12: Pengawas MA Kec. Banyuanyar, Gending, Maron
A13: 9 | B13: 197112291997032005 | C13: RACHMAWATI, S.Pd | D13: IV/b | E13: 45200 | F13: Pengawas MTs Kec. Kuripan, Lumbang, Bantaran
A14: 10 | B14: 196709071993031003 | C14: Drs. MOH. WAHID ILHAM | D14: IV/a | E14: 41000 | F14: Pengawas RA,MI Kec. Maron
A15: 11 | B15: 196805071997031003 | C15: LUKMANUL HAKIM, M.Pd | D15: IV/a | E15: 41183 | F15: Pengawas RA,MI Kec. Maron
A16: 12 | B16: 196906122000032001 | C16: YULIYATI, S.Pd.I | D16: IV/a | E16: 43191 | F16: Pengawas RA,MI Kec. Tongas
A17: 13 | B17: 197105062005012004 | C17: NURHOIRIYAH, M.Pd.I | D17: IV/b | E17: 45200 | F17: Pengawas MTs,MA Kec. Wonomerto, Bantaran
A18: 14 | B18: 196901142000031002 | C18: NASRULLAH, S.Pd.I, M.Pd | D18: IV/a | E18: 43191 | F18: Pengawas RA,MI Kec. Besuk
A19: 15 | B19: 196904282005012012 | C19: JUHAIRIYAH, S.Ag | D19: IV/a | E19: 43191 | F19: Pengawas RA,MI Kec. Banyuanyar
A20: 16 | B20: 197203062000031005 | C20: SAMSUL BAHRI, S.Ag | D20: IV/a | E20: 43739 | F20: Pengawas RA,MI Kec. Tegalsiwalan
A21: 17 | B21: 197803172005012002 | C21: NETY MERY YASMIN, S.Pd,M.Pd | D21: IV/a | E21: 43739 | F21: Pengawas MTs,MA Kec. Krejengan
A22: 18 | B22: 197604222003122003 | C22: ISMAWATI, S.Pd,M.Pd | D22: IV/a | E22: 43739 | F22: Pengawas MTs,MA Kec. Leces, Dringu
... A25: 21 | B25: 196806062005011003 | C25: Drs. SAIFUL | D25: IV/b | E25: 45200 | F25: Pengawas MTs Kec. Banyuanyar, Maron
A26: 22 | B26: 198204272005012004 | C26: SULISTYOWATI,S.Pd | D26: IV/a | E26: 01 April 2021 | F26: Pengawas MTs,MA Kec. Gending
A27: 23 | B27: 197406252000032003 | C27: SITI FARIDA, S.PdI | D27: IV/a | E27: 44470 | F27: Pengawas RA,MI Kec. Tongas
A28: 24 | B28: 196611252005012003 | C28: MU'ALIMAH, S. Pd | D28: IV/a | E28: 44470 | F28: Pengawas RA,MI Kec. Leces
A29: 25 | B29: 197008112000031001 | C29: SOPAN SAURI, S.Pd.I | D29: IV/b | E29: 45200 | F29: Pengawas RA,MI Kec. Paiton
A30: 26 | B30: 197208162000031002 | C30: ABD. WAHID, S.Ag | D30: IV/a | E30: 44470 | F30: Pengawas RA,MI Kec. Tiris Barat
A31: 27 | B31: 197007102000031005 | C31: ABD. HALIM, S.Pd.I | D31: IV/b | E31: 45200 | F31: Pengawas RA,MI Kec. Pakuniran
A32: 28 | B32: 197107172005011006 | C32: M. MUSHLIH, S.Pd.I | D32: IV/a | E32: 44652 | F32: Pengawas RA,MI Kec. Lumbang, Sukapura
A33: 29 | B33: 196704072005012001 | C33: ST. NURTAMAMI, S.Pd.I,M.Pd.I | D33: IV/a | E33: 44835 | F33: Pengawas RA,MI Kec. Krejenagan
A34: 30 | B34: 197303072005011004 | C34: ABDUL HAMID, S.Pd, M.Pd | D34: IV/a | E34: 44835 | F34: Pengawas RA,MI Kec. Krejengan
A35: 31 | B35: 197910152005012004 | C35: NUNUNG HARNANI, S.Pd | D35: III/d | E35: 43191 | F35: Pengawas RA,MI Kec. Dringu, Gending
A36: 32 | B36: 196907112000031001 | C36: Drs. SYAMSUL KHOLIQ, | D36: III/d | E36: 43556 | F36: Pengawas RA,MI Kec. Gending
A37: 33 | B37: 196712102005011002 | C37: AMIR MAHMUD, S.Pd,M.Pd.I | D37: III/d | E37: 43556 | F37: Pengawas RA,MI Kec. Kraksaan
A38: 34 | B38: 197206302005011002 | C38: KHOLID MUSTOFA, S.Pd.I,M.Pd | D38: III/d | E38: 43556 | F38: Pengawas RA,MI Kec. Banyuanyar
... A44: 40 | B44: 196903082005012002 | C44: NUR HAKIMAH, S.Pd.I | D44: III/d | E44: 43739 | F44: Pengawas RA,MI Kec. Maron
A45: 41 | B45: 197412312005012001 | C45: RINI YUPINTA, S.Pd | D45: III/d | E45: 01 Oktober 2019 | F45: Pengawas RA,MI Kec. Maron
A46: 42 | B46: 198001022005011003 | C46: DIDIK IRAWAN, S.Pd | D46: III/d | E46: 43922 | F46: Pengawas RA,MI Kec. Maron
A47: 43 | B47: 197211092005011004 | C47: SAIFUL ULUM, S.Pd,MA | D47: III/d | E47: 43922 | F47: Pengawas RA,MI Kec. Tegalsiwalan, kuripan
A48: 44 | B48: 197606162005011004 | C48: PIPIN FAJAR YUNIANTO, S Pd | D48: III/d | E48: 43922 | F48: Pengawas RA,MI Kec. Krucil
A49: 45 | B49: 198304042005012004 | C49: ANGGRE AFREANDINA, S.Pd.SD | D49: III/d | E49: 01 Oktober 2020 | F49: Pengawas RA,MI Kec. Krejengan
A50: 46 | B50: 196907272005012002 | C50: SYARIFAH, S.Pd.l | D50: lll/d | E50: 44105 | F50: Pengawas RA,MI Kec. Pakuniran
A51: 47 | B51: 196706102005011004 | C51: BAKRI , S.Pd | D51: III/d | E51: 44287 | F51: Pengawas RA,MI Kec. Paiton
A52: 48 | B52: 198103152005012003 | C52: SITI NURFADILA, S.Pd, M.Pd | D52: III/d | E52: 44287 | F52: Pengawas RA,MI Kec. Leces
A53: 49 | B53: 197104212005012002 | C53: ENY SULISTIANA, S.Pd | D53: III/d | E53: 44287 | F53: Pengawas RA,MI Kotaanyar
A54: 50 | B54: 196707202005011004 | C54: A. SULHAN, S.Ag | D54: III/d | E54: 44287 | F54: Pengawas RA,MI Kec. Paiton
A55: 51 | B55: 198101032005011003 | C55: DWI KARTIKO HADISAPUTRO, S.Pd | D55: III/d | E55: 44287 | F55: Pengawas RA,MI Kec. Krucil
A56: 52 | B56: 197806242005011002 | C56: ISHAK, S.Pd | D56: III/d | E56: 44287 | F56: Pengawas RA, MI Kec. Tiris Timur
A57: 53 | B57: 198112242005012002 | C57: YUYUN NASROHAH, S.Pd | D57: III/d | E57: 44287 | F57: Pengawas RA,MI Kec. Pajarakan
A58: 54 | B58: 196904082005011002 | C58: MANSUR, S.PdI, M.Pd | D58: III/d | E58: 44287 | F58: Pengawas RA,MI Kec. Pajarakan
A59: 55 | B59: 198404112005011002 | C59: ISWANTO, S.Pd, M.Pd | D59: III/d | E59: 44287 | F59: Pengawas RA,MI Kec. Wonomerto, Tongas
A60: 56 | B60: 198007212005011003 | C60: MUHAMMAD ZUHDI HASAN, S.Pd | D60: III/d | E60: 44287 | F60: Pengawas RA,MI Kec. Gading
A61: 57 | B61: 198110132009012006 | C61: DWI HALIMA TUTRIYANTI, S.Pd | D61: III/d | E61: 01 April 2021 | F61: Pengawas MTs,MA Kec. Bantaran
A62: 58 | B62: 197503232005011005 | C62: ABD. GHANI, S.Ag | D62: III/d | E62: 44470 | F62: Pengawas MTs Kec. Besuk, Krejengan
A63: 59 | B63: 197808042005011002 | C63: R. ACH. CHOIRUL FATAH, S.Pd | D63: III/d | E63: 44470 | F63: Pengawas MTs,MA Kec. Gending,Sumberasih, Tongas, Kuripan, Lumbang
A64: 60 | B64: 197002152005011003 | C64: SAIFUR RASYID, S.PdI, M.Pd | D64: III/d | E64: 44470 | F64: Pengawas RA,MI Kec. Besuk
A65: 61 | B65: 197808052005011004 | C65: AGUS SOLEH, S.Pd | D65: III/d | E65: 44470 | F65: Pengawas RA,MI Kec. Banyuanyar
A66: 62 | B66: 196701032005012002 | C66: LASTRIASIH, S.Pd | D66: III/d | E66: 01 Oktober 2021 | F66: Pengawas MTs Kec. Leces
A67: 63 | B67: 198208182005011004 | C67: HUSNAN ABRORI, S.Pd | D67: III/d | E67: 01 Oktober 2021 | F67: Pengawas MA Kec. Kotaanyar, Pakuniran, Paiton
A68: 64 | B68: 198306152005011006 | C68: HOSNAN, S.Pd.SD | D68: III/d | E68: 01 Oktober 2021 | F68: Pengawas RA,MI Kec. Kraksaan
A69: 65 | B69: 196906092005011001 | C69: HARIANTO, S.Pd | D69: III/d | E69: 40817 | F69: Pengawas MTs Kec. Kotaanyar,Pakuniran,Krucil
A70: 66 | B70: 198111122005011003 | C70: VERY HIMAWAN, S.Pd | D70: III/d | E70: 44835 | F70: Pengawas RA,MI Kec. Tiris Barat
A71: 67 | B71: 197602162005011005 | C71: HERU KISWANTO, S.Pd | D71: III/d | E71: 44652 | F71: Pengawas MTs, MA Kec. Tiris
A72: 68 | B72: 196911232005012002 | C72: DIYAH TRI WAHTU UTAMI, S Pd | D72: III/d | E72: 44652 | F72: Pengawas RA,MI Kec. Krucil
A73: 69 | B73: 197209122005012001 | C73: NURUL LATIFAH, S.Pd.I | D73: III/d | E73: 44652 | F73: Pengawas RA,MI Kec. Paiton
A74: 70 | B74: 197407102005012002 | C74: UMU SALMA, S.Pd, M.Pd | D74: III/d | E74: 45017 | F74: Pengawas RA,MI Kec. Banyuanyar
A75: 71 | B75: 197309042005011001 | C75: SUPARMAN , S.Pd.I,M.Pd.I | D75: III/d | E75: 45200 | F75: Pengawas MTs,MA Kec. Tongas,Lumbang,Sumberasih
A76: 72 | B76: 197609272005011002 | C76: HASAN, S.Pd.SD,M.Pd.I | D76: III/d | E76: 45200 | F76: Pengawas RA,MI Kec. Gading
A77: 73 | B77: 198301122005012002 | C77: IKA CANDRA DEWI, S.Pd | D77: III/c | E77: 41913 | F77: Pengawas RA,MI Kec. Tiris ( barat )
A78: 74 | B78: 198307132005011001 | C78: PUGUH STYA NUGRAHA, S.Pd | D78: III/c | E78: 01 April 2016 | F78: Pengawas RA,MI Kec. Kraksaan
A79: 75 | B79: 197101172005011001 | C79: NUR KILAT ANDIONO , S.Pd.I | D79: III/c | E79: 42644 | F79: Pengawas RA,MI Kec. Gading
A80: 76 | B80: 197606182000031005 | C80: ABDUSSAMAT, S.Ag | D80: III/c | E80: 43191 | F80: Pengawas RA,MI Kec. Pakuniran
A81: 77 | B81: 198212242005012003 | C81: DIANA DWI RAHAYU, S.Pd.SD,M.Pd | D81: III/c | E81: 43374 | F81: Pengawas RA,MI Kec. Gending
A82: 78 | B82: 198004272005012004 | C82: NURUSSHOBAH AINUL LISZHA, S.Pd.SD | D82: III/c | E82: 43922 | F82: Pengawas RA,MI Kec. Krejengan
A83: 79 | B83: 198207152005011002 | C83: KARIMUL HUDA, S.Pd | D83: III/c | E83: 44105 | F83: Pengawas RA,MI Kec. Bantaran

Sheet Sheet2 (2)
A2: NAMA PENGAWAS | B2: NIP | C2: NUPTK (NOMOR UNIK PENDIDIK DAN TENAGA KEPENDIDIKAN) | D2: NIK (NOMOR INDUK KEPENDUDUKAN) | E2: JENJANG KEPENGAWASAN | F2: TMT SP TERAKHIR SEBAGAI PENGAWAS | G2: EMAIL AKTIF PENGAWAS | H2: UPLOAD EXCEL TERLAMPIR (DATA BINAAN)
A3: A. SULHAN | B3: 196707202005011004 | C3: 7052745648200043 | D3: 3513120711070014 | E3: RA/MI | F3: 45474 | G3: asulhanhanafi@gmail.com | H3: https://drive.google.com/open?id=1XemrNok5v0HPhiVi8C2l27tXPzDYKjf4
A4: ABD. GHANI | B4: 197503232005011005 | C4: 2655753655200012 | D4: 3513132303750002 | E4: MTS | F4: 45469 | G4: cakghani@gmail.com4 | H4: https://drive.google.com/open?id=1Qj-gpJp2wTwFmC8NpNMEqqueYX6SszLM
A5: ABD. HALIM | B5: 197007102000031005 | C5: 9042748650200003 | D5: 3513091007700002 | E5: RA/MI | F5: 44197 | G5: abd.halim2008@gmail.com | H5: https://drive.google.com/open?id=1rGvxPQUsPv6gfZmrW9kMVWFtFCT-YPyi
A6: ABD. WAHID
A7: ABDUL AZIS | B7: 196705022002121001 | C7: 0834745647200022 | D7: 3513110205670002 | E7: MTS | F7: 45124 | G7: azishusnol@gmail.com | H7: https://drive.google.com/open?id=1wigmELPrKq4MDauE3_dwAauxsf6V7Hgv
A8: ABDUL HAMID | B8: 197307032005011004 | C8: 6639751652200022 | D8: 3513090703730001 | E8: RA/MI | F8: 42430 | G8: abdulhamidwangkal@gmail.com | H8: https://drive.google.com/open?id=1uvVMbGZCzO7u-wo9BW8XI2VlccWXbZH1
A9: ABDUS SAMAT | B9: 197606182000031005 | C9: 1950754654200002 | D9: 3513131806760001 | E9: RA/MI | F9: 45474 | G9: samatabdussamat@gmail.com | H9: https://drive.google.com/open?id=1kP3V_2r4f0dDn5__yLrK4IQxjImX2uLp
A10: AGUS SOLEH
A11: AMIR MAHMUD
A12: ANGGRE AFREANDINA | B12: 198304042005012004 | C12: 7736761662300013 | D12: 3513154404830003 | E12: RA/MI | F12: 44868 | G12: umikcabali@gmail.com | H12: https://drive.google.com/open?id=1iNJ5SxSjXRg3EkSMMzfnqhYdibAPuG1W
A13: ASNITI | B13: 197304152005012004 | C13: 9747751652300002 | D13: 3513055504730001 | E13: RA/MI | F13: 44868 | G13: asnitiasniti122@gmail.com | H13: https://drive.google.com/open?id=1y0ntkSNPVe6SbMSUGhxLOGVCKNAcaN9e
A14: BAKRI | B14: 196706102005011004 | C14: 8942745648200012 | D14: 3513111006670002 | E14: RA/MI | F14: 44470 | G14: bakrispd9@gmail.com | H14: https://drive.google.com/open?id=15wsFh4tMnrbRK8CzRfCJVSLdopTDQsrZ
A15: DIAN EKO PRASETYONO | B15: 197705052005011008 | C15: 4837755656200012 | D15: 3513060505770002 | E15: RA/MI | F15: 45474 | G15: dianekoprast@gmail.com | H15: https://drive.google.com/open?id=1pr0H2AcErcDjv3OlIdWeJ8vBXojEhNcd
A16: DIANA DWI RAHAYU | B16: 198212242005012003 | C16: 3556760662300013 | D16: 3513176412820002 | E16: RA/MI | F16: 45474 | G16: dianarahayu66@gmail.com | H16: https://drive.google.com/open?id=1nk53vNIsGTBwcRWNcNzzqP1TLxahJrhJ
A17: DIDIK IRAWAN | B17: 198001022005011003 | C17: 1434758658200002 | D17: 3513170201800001 | E17: RA/MI | F17: 45474 | G17: didikira1@gmail.com | H17: https://drive.google.com/open?id=1o8b1Uci2lLrtAT7REnp5p2uRo93ewTvG
A18: DIYAH TRI WAHYU UTAMI | B18: 196911232005012002 | C18: 6455747649300033 | D18: 3513086311690002 | E18: RA/MI | F18: 44823 | G18: diyahtriwahyuutami@gmail.com | H18: https://drive.google.com/open?id=1UUyNrUHbqeQwExG0WwhUJOPt1FvI-gWy
A19: DWI HALIMA TUTRIYANTI | B19: 198110132009012006 | C19: 3345759660300043 | D19: 3513055310810001 | E19: MTS | F19: 44868 | G19: dwihalima@gmail.com | H19: https://drive.google.com/open?id=1m9ck-pg-BSHpq0ovi2AsWQcS0fU9Cwk4
A20: DWI KARTIKO HADISAPUTRO | B20: 198101032005011003 | C20: 2435759660200012 | D20: 3513170301810001 | E20: RA/MI | F20: 45108 | G20: dwikartiko95@gmail.com | H20: https://drive.google.com/open?id=1HMwMqp_1pcO0MN48lHGrvlnYYV-3QT0I
A21: ENY SULISTIANA | B21: 197104212005012002 | C21: 8753749651300032 | D21: 3513126104710005 | E21: RA/MI | F21: 45444 | G21: enylistiana21@gmail.com | H21: https://drive.google.com/open?id=1waITdvPpzXQRmAqBHrAiCItdA6R-u6dA
A22: ERNY KURNIAWATI | B22: 196810072005012001 | C22: 3339746648300053 | D22: 3513084710680001 | E22: RA/MI | F22: 44868 | G22: ninikerni27@gmail.com | H22: https://drive.google.com/open?id=1IUyiuJXeotKggSDm49yeDzCCxxbg1SpR
A23: HARIANTO | B23: 196906092005011001 | C23: 3941747650200042 | D23: 3513110906690001 | E23: MTS | F23: 43174 | G23: hariantopengamad@gmail.com | H23: https://drive.google.com/open?id=1dLe9Azh85ue6VcdhFIPpG4xJbsjyphUp
... A25: HERU KISWANTO | B25: 197602162005011005 | C25: 9548754655200012 | D25: 3513091602760001 | E25: MTS, MA | F25: 45474 | G25: kiss.one.to.76@gmail.com | H25: https://drive.google.com/open?id=1nyxmGQEqYgHqH8mn11HbG_q6ff-pb0B5
A26: HOSNAN
A27: HUSNAN ABRORI | B27: 198208182005011004 | C27: 2150760660200003 | D27: 3513111808820003 | E27: MTS/MA | F27: 45124 | G27: husnan.abrori45@gmail.com | H27: https://drive.google.com/open?id=1ThbWvyvOeYm2QthDqMk6nDmi3OW0GRN-
A28: IKA CANDRA DEWI | B28: 198301122005012002 | C28: 3444761662300042 | D28: 3513075201830003 | E28: RA/MI | F28: 44868 | G28: i.candradewi12@gmail.com | H28: https://drive.google.com/open?id=1X8D41zwdiDa8mMxrGlhcMK6PJK_tPMy0
A29: IMAM GHOZALI | B29: 197607052005011004 | C29: 8037754655200003 | D29: 3513180507760002 | E29: RA/MI | F29: 45078 | G29: alfinugi@gmail.com | H29: https://drive.google.com/open?id=113usGc2IIktosAhdoD2TodlV6yRQaSrO
A30: ISHAK | B30: 197806242005011002 | C30: 3956756658200022 | D30: 3513202406780002 | E30: RA/MI | F30: 45474 | G30: selamanyaromis5@gmail.com | H30: https://drive.google.com/open?id=1OxiB4LeyjEw1F2wT_bHOj5bxuNuS-nrU
A31: ISMAWATI | B31: "197604222003122003 | C31: 4754754656300032 | D31: 3574026204760001 | E31: MTS, MA | F31: 45071 | G31: ismawatirahman76@gmail.com | H31: https://drive.google.com/open?id=1rafi2DGGyF1JwlySnmZfa2c5cG6Z9LVk
A32: ISWANTO | B32: 198404112005011002 | C32: 6743762663200022 | D32: 3513211104840003 | E32: RA/MI | F32: 45078 | G32: iswantowawan.205@gmail.com | H32: https://drive.google.com/open?id=1Fs8O7AyoCSTTC0DdPWJKltQe6Bd1YlZJ
A33: JUHAIRIYAH | B33: 196904282005012012 | C33: 27607476493000223513 | D33: 3513176804690002 | E33: RA/MI | F33: 45474 | G33: mama.jhr2000@gmail.com | H33: https://drive.google.com/open?id=1JaY1AjQohyCvo-XwOr4X7SVpGGXjtZkM
A34: KARIMUL HUDA | B34: 198207152005011002 | C34: 9047760661200003 | D34: 3513031507820003 | E34: RA/MI | F34: 45078 | G34: karimulhuda157@gmail.com | H34: https://drive.google.com/open?id=1WE5vaGp--KPzTVCNigNg4uAkMoM6vkrB
A35: KHOLID MUSTOFA
A36: LASTRIASIH | B36: 196701032005012002 | C36: 1.4002236e+15 | D36: 3513054301670001 | E36: MTS | F36: 43185 | G36: lastriasih67@gmail.com | H36: https://drive.google.com/open?id=1eLuC1lDCdVLnfmAsehKCtWkCtKZxTuDU
A37: LUKMANUL HAKIM | B37: 196805071997031003 | C37: 0839746648200022 | D37: 3513140705680005 | E37: RA/MI | F37: 45474 | G37: elha3w@gmail.com | H37: https://drive.google.com/open?id=1mzPRAYdWnY8QEID_vKuCLuDScRRULaFC
A38: M. MUSHLIH | B38: 197107172005011006 | C38: 2049749650200003 | D38: 3513221707710001 | E38: RA/MI | F38: 44652 | G38: mushlih.pm@gmail.com | H38: https://drive.google.com/open?id=1akhcTVWQlMYV1fzf54Ye7RttzhbpvCB8
A39: MANSUR | B39: 196904082005011002 | C39: 5740747651200002 | D39: 3513140804690003 | E39: RA/MI | F39: 45474 | G39: spdimansur69@gmail.com | H39: https://drive.google.com/open?id=1PzQqhW2RrHv72PYN0hhzw7bEQXJv5byF
A40: MARIA ULFAH | B40: 197302041995032001 | C40: 2536751651300002 | D40: 3513054402730003 | E40: RA/MI | F40: 44193 | G40: ulfah1maria@gmail.com | H40: https://drive.google.com/open?id=10MlZovJL5AnyBeac6QrEZTMDGafktJSm
A41: MOH. WAHID ILHAM
A42: MU'ALIMAH | B42: 196611252005012003 | C42: 0544749652200012 | D42: 3574016511660001 | E42: RA/MI | F42: 42430 | G42: mualimah2511@gmail.com | H42: https://drive.google.com/open?id=1FC4shLeaJLvb0Nj6u6IXa8yzbMdDCnbu
A43: MUHAMMAD ZUHDI HASAN | B43: 198007212005011003 | C43: 8.0537587e+15 | D43: 3513142107800004 | E43: RA/MI | F43: 44868 | G43: zuhdi.miza@gmail.com | H43: https://drive.google.com/open?id=1zJBN1Ymf9s7gG7ze1_HivDYMcSEvB7N-
A44: MUSYAFI' | B44: 196604082000031001 | C44: 2740744649200001 | D44: 3513200804660001 | E44: MA | F44: 40603 | G44: kaksyafik@gmail.com | H44: https://drive.google.com/open?id=1t2_uMY1wl0LMyRE1h1qBK1ie17146WrQ
A45: NASRULLAH | B45: 196901142000031002 | C45: 5446747650200012 | D45: 3513151401690002 | E45: RA/MI | F45: 44868 | G45: anasnasrul31@gmail.com | H45: https://drive.google.com/open?id=1awtsqaIVsDH6IKdQK1CU_G-HZiUgUAkH
A46: NETY MERY YASMIN | B46: 197803172005012002 | C46: 0649756658300012 | D46: 3513145703780002 | E46: MTS/MA | F46: 45071 | G46: netymeryyasmin78@gmail.com | H46: https://drive.google.com/open?id=1ktUD9HhaUzR_7od8FpC6JzzSbG8sr_CH
A47: NUNUNG HARNANI | B47: 197910152005012004 | C47: 7347757658300043 | D47: 3513175510790001 | E47: RA/MI | F47: 45080 | G47: nunungharnani501@gmail.com | H47: https://drive.google.com/open?id=1M2fvXr82pxecLqcdDISI5HImKv34o5_j
A48: NUR HAKIMAH | B48: 196903082005012002 | C48: 9640747650300002 | D48: 3513174803690001 | E48: RA/MI | F48: 45474 | G48: nurhakimah754@gmail.com | H48: https://drive.google.com/open?id=1V8Sr3gVfzmE1o_W2d5JRVogW94GqiMSj
A49: NUR KILAT ANDIONO | B49: 197101172005011001 | C49: 1449749651200012 | D49: 3513141701730002 | E49: RA/MI | F49: 45474 | G49: pengawasmuda165@gmail.com | H49: https://drive.google.com/open?id=1q7trGauhk1yIXgvMwl8zwleL5bo3gGCW
A50: NUR SYAMSIAH ROHWENI | B50: 196906262005012001 | C50: 9958747648300012 | D50: 3513056606690002 | E50: MTS | F50: 44986 | G50: nursyamsiahrohweni26@gmail.com | H50: https://drive.google.com/open?id=11DHO2wfD9RlNteVHT6wgCIFWR4mBPZMp
A51: NURHOIRIYAH | B51: 197105062005012004 | C51: 5838749651300022 | D51: 3513214605710001 | E51: MTS/MA | F51: 45078 | G51: nurhoiriyahyusuf@gmail.com | H51: https://drive.google.com/open?id=1Gx6Cb__JRGBrZ-3r577t4x4yUc35Xha4
A52: NURUL LATIFAH | B52: 197209122005012001 | C52: 3244750652300023 | D52: 3513145209720004 | E52: RA/MI | F52: 45474 | G52: latifahnurul06@gmail.com | H52: https://drive.google.com/open?id=1gAqAi8S_7vHQaTik-iHSMwe7arImbfDN
A53: NURUSSHOBAH AINUL LISZHA | B53: 198004272005012004 | C53: 8759758659300032 | D53: 3513166704800002 | E53: RA/MI | F53: 45078 | G53: azzamqory2710@gmail.com | H53: https://drive.google.com/open?id=1IivF7qjRsMlr4wxbwR8hiAmLryV8UmcH
A54: PIPIN FAJAR YUNIANTO | B54: 197606162005011004 | C54: 6948754656200022 | D54: 3513081606760001 | E54: RA/MI | F54: 44868 | G54: pfyfajar36@gmail.com | H54: https://drive.google.com/open?id=1yS2nItO702kHF6oGIGynGdrh5Ra0ctdi
A55: PUGUH STYA NUGRAHA | B55: 198307132005011001 | C55: 2045761662200023 | D55: 3513121307830004 | E55: RA/MI | F55: 44868 | G55: puguh.stya13@gmail.com | H55: https://drive.google.com/open?id=1Yb0XJ5sKzA8eSlaTwWDG61cNdGhVpf1Z
A56: R. ACH. CHOIRUL FATAH
A57: RACHMAWATI
A58: RINI YUPINTA
A59: SAIFUL | B59: 196806062005011003 | C59: 2938746648200022 | D59: 3513050606680001 | E59: MTS | F59: 44193 | G59: ahmad01saiful@gmail.com | H59: https://drive.google.com/open?id=13wCvfWWJ0XmDX2Lhe_jkzfcSCyY1kPRX
A60: SAIFUL ULUM
A61: SAIFUR RASYID | B61: 197002152005011003 | C61: 1547748649200022 | D61: 3513101502700002 | E61: RA/MI | F61: 45474 | G61: saifurrasyid12@gmail.com | H61: https://drive.google.com/open?id=1sQGklXquexxhTQeP31mJhGp7bhP8pPT4
A62: SAMSUL BAHRI | B62: 197203062000031005 | C62: 6638750651200002 | D62: 3513050603720004 | E62: RA/MI | F62: 45474 | G62: samsul4119@gmail.com | H62: https://drive.google.com/open?id=1LnLUa2GHsdw9gh2qoIYqkvqNeFdMg_7U
A63: SHOLEHUDDIN | B63: 196604211993031002 | C63: 2753744648200012 | D63: 3513162104660001 | E63: MA | F63: 45071 | G63: sholehuddinpajarakan@gmai.com | H63: https://drive.google.com/open?id=1TR8svft04LUadEepGrKAsqUAcvzwgx6O
A64: SITI AMINAH | B64: 196904151997032003 | C64: 0747747650300012 | D64: 3513095504690003 | E64: MTS | F64: 45474 | G64: aminahzarin@gmail.com | H64: https://drive.google.com/open?id=1YiM7UA8GdfYLUw8M6Vy_VQ-EQpUiKEmA
A65: SITI FARIDA | B65: 197406252000032003 | C65: 4957752653300012 | D65: 3574016506740006 | E65: RA/MI | F65: 44868 | G65: 1974sitifarida@gmail.com | H65: https://drive.google.com/open?id=1AZ4XaIfYHq_491SukJnxHnSInYlA28Pc
A66: SITI NURFADILA | B66: 198103152005012003 | C66: 9547759660300012 | D66: 3513185503810001 | E66: RA/MI | F66: 44675 | G66: sitinurfadila47@gmail.com95477 | H66: https://drive.google.com/open?id=1ptrlg-TJ9JCDq-NLv2qpSwvsNBgf0BR5
A67: SOLEHODIN | B67: 197104042000031007 | C67: 8736749652200022 | D67: 3513130404710003 | E67: MA | F67: 44095 | G67: solehodin@gmail.com | H67: https://drive.google.com/open?id=1HcACCVv-5VhE8JvDO9mLxWUf13cUYy7Y
